create table classInfo
(
  class_name  varchar(20) not null,
  specialty   varchar(20) not null,
  course_name varchar(20) not null,
  primary key (class_name, specialty, course_name)
)
  charset = utf8;

INSERT INTO uml_open_course_db.classInfo (class_name, specialty, course_name) VALUES ('2015', 'sw', 'uml');
INSERT INTO uml_open_course_db.classInfo (class_name, specialty, course_name) VALUES ('2016软卓1班', '软件工程', 'UML');
INSERT INTO uml_open_course_db.classInfo (class_name, specialty, course_name) VALUES ('2016软卓2班', '软件工程', 'UML');
INSERT INTO uml_open_course_db.classInfo (class_name, specialty, course_name) VALUES ('2016软工1班', '软件工程', 'UML');
INSERT INTO uml_open_course_db.classInfo (class_name, specialty, course_name) VALUES ('2016软工2班', '软件工程', 'UML');
INSERT INTO uml_open_course_db.classInfo (class_name, specialty, course_name) VALUES ('2016软工3班', '软件工程', 'UML');
INSERT INTO uml_open_course_db.classInfo (class_name, specialty, course_name) VALUES ('2016软工4班', '软件工程', 'UML');
INSERT INTO uml_open_course_db.classInfo (class_name, specialty, course_name) VALUES ('ruanzhuo1', 'UML', 'ruanjianfenxi');
create table class_list
(
  class_id            int(6) unsigned auto_increment comment '仅仅是序号'
    primary key,
  class_name          varchar(255) charset utf8 not null comment '班级名称',
  major               varchar(255) charset utf8 not null comment '专业',
  course              varchar(255) charset utf8 not null comment '课程',
  class_file_name     varchar(255) charset utf8 not null,
  class_file_uuidname varchar(255) charset utf8 not null,
  class_file          varchar(255) charset utf8 not null comment '班级文件（文件地址）'
)
  collate = utf8_unicode_520_ci;

INSERT INTO uml_open_course_db.class_list (class_id, class_name, major, course, class_file_name, class_file_uuidname, class_file) VALUES (39, 'ruanzhuo1', 'software', 'UML', '_resource_1_ceshi.pdf', 'e2f56ff1-9561-4fe5-8074-9d860860b6dd.pdf', 'D:\\myPRJ\\java eee\\.metadata\\.plugins\\org.eclipse.wst.server.core\\tmp1\\wtpwebapps\\DearHouAimin\\WEB-INF\\upload/6/11');
INSERT INTO uml_open_course_db.class_list (class_id, class_name, major, course, class_file_name, class_file_uuidname, class_file) VALUES (40, '2015', '软工', 'uml', '2019-01-09侯爱民验收系统.pdf', '5c87dea6-d6e2-4834-a296-210e26ca6d59.pdf', 'D:\\myPRJ\\eclipse\\.metadata\\.plugins\\org.eclipse.wst.server.core\\tmp0\\wtpwebapps\\DearHouAimin\\WEB-INF\\upload/3/7');
create table courseManager
(
  name    varchar(50)   null,
  id      int default 0 not null
    primary key,
  message varchar(2000) null
)
  collate = utf8_unicode_ci;

INSERT INTO uml_open_course_db.courseManager (name, id, message) VALUES ('侯爱民11', 1, '<p><span style="color: rgb(68, 68, 68); font-family: &quot;Times New Roman&quot;; font-size: 14px; text-align: justify; background-color: rgb(255, 255, 255);">侯爱民，男，976年3月出生。籍贯江西南昌。东莞理工学院计算机科学与技术学院讲师。研究生学历，博士学位。</span><br/><span style="color: rgb(68, 68, 68); font-family: &quot;Times New Roman&quot;; font-size: 14px; text-align: justify; background-color: rgb(255, 255, 255);">&nbsp;&nbsp;&nbsp;&nbsp;&nbsp;&nbsp;&nbsp;从2017-2018学年第1学期开始，至2018-2019学年第1学期止，总共为2届的学生讲授《UML面向对象分析与设计》课程。累计学生人数200，累计学时120。11</span></p>');
create table dguterd1_uml
(
  erd1_id      int auto_increment
    primary key,
  erd1_title   varchar(50) not null,
  erd1_type    varchar(20) not null,
  erd1_date    date        not null,
  erd1_origin  varchar(50) not null,
  erd1_content longtext    not null,
  erd1_state   int         not null
)
  collate = utf8_unicode_520_ci;

INSERT INTO uml_open_course_db.dguterd1_uml (erd1_id, erd1_title, erd1_type, erd1_date, erd1_origin, erd1_content, erd1_state) VALUES (10014, '关于加快高素质应用型人才培养体系建设全面提高教育教学质量的实施意见（2016 年 10 月 9 日）', '教学体系', '2017-12-04', '东莞理工学院教务处 ', '<p style="text-align: center;"><span style="font-size: 20px; color: rgb(255, 0, 0);">关于加快高素质应用型人才培养体系建设全面提高教育教学质量的实施意见（2016 年 10 月 9 日）</span><span style="font-size: 20px;"><br/></span></p><p><span style="font-size: 20px;"></span></p><p style="margin-right:26px;margin-left:24px;text-indent:72px;text-align:justify;text-justify:inter-ideograph;line-height:23px"><span style=";font-family:宋体;font-size:16px"><span style="font-family:宋体">为贯彻落实《教育部关于全面提高高等教育质量的若干意见》精神，着力构建高素质应用型人才培养体系，深化教育教学改革，加快推进学校高水平理工科大学建设，特提出如下实施意见。</span></span> </p><p style="line-height:13px"><span style=";font-family:&#39;Times New Roman&#39;;font-size:13px"> &nbsp; &nbsp; &nbsp; &nbsp; &nbsp; &nbsp; &nbsp;</span></p><p style="line-height:22px"><span style=";font-family:&#39;Times New Roman&#39;;font-size:13px"> &nbsp; &nbsp; &nbsp; &nbsp; &nbsp; &nbsp; &nbsp;</span></p><p style="margin-left:56px;line-height:18px"><strong><span style=";font-family:宋体;font-weight:bold;font-size:16px"><span style="font-family:宋体">一、指导思想与总体目标</span></span></strong> </p><p style="line-height:8px"><span style=";font-family:&#39;Times New Roman&#39;;font-size:13px"> &nbsp; &nbsp; &nbsp; &nbsp; &nbsp; &nbsp; &nbsp;</span></p><p style="margin-left:56px;line-height:18px"><span style=";font-family:宋体;font-size:16px"><span style="font-family:宋体">（一）指导思想</span></span> </p><p style="line-height:11px"><span style=";font-family:&#39;Times New Roman&#39;;font-size:13px"> &nbsp; &nbsp; &nbsp; &nbsp; &nbsp; &nbsp; &nbsp;</span></p><p style="margin-right:23px;margin-left:24px;text-indent:32px;text-align:justify;text-justify:inter-ideograph;line-height:25px"><span style=";font-family:宋体;font-size:16px"><span style="font-family:宋体">全面贯彻落实中央和省委、省政府关于教育教学改革的部署和要求，围绕立德树人根本任务，坚持教学为中心，质量是生命，创新是灵魂的理念；牢固树立</span>“以卓越的创新教育与实践造福社会”的价值追求，着力推进科教融合、创新育人，促进学生全面发展；加快内涵发展，立足学校办学优势与特色，以“成果导向”引导教育教学改革，加强教学管理工作，不断提高办学水平和人才培养质量。</span> </p><p style="line-height:9px"><span style=";font-family:&#39;Times New Roman&#39;;font-size:13px"> &nbsp; &nbsp; &nbsp; &nbsp; &nbsp; &nbsp; &nbsp;</span></p><p style="margin-left:56px;line-height:18px"><span style=";font-family:宋体;font-size:16px"><span style="font-family:宋体">（二）总体目标</span></span> </p><p style="line-height:11px"><span style=";font-family:&#39;Times New Roman&#39;;font-size:13px"> &nbsp; &nbsp; &nbsp; &nbsp; &nbsp; &nbsp; &nbsp;</span></p><p style="margin-right:26px;margin-left:24px;text-indent:32px;line-height:25px"><span style=";font-family:宋体;font-size:16px"><span style="font-family:宋体">通过师资队伍建设、专业结构调整优化、教学管理体制改革、数字化教学资源建设、实践教学体系建设、教风学风建设、教学质量评价与激励机制完善、国际化战略推进等一系列改革与建设举措的实施，到</span> 2020 年，全面形成特色鲜明的高素质应用型人才培养模式、严格规范的教学管理体系、符合创新实践能力培养目标的实践教学体系、科学有效的教学质量监控与保障机制，形成一批教学改革成果和品牌特色专业，力争学校本科教学水平和人才培养质量位居国内同类高校前列。</span> </p><p style="line-height:13px"><span style=";font-family:&#39;Times New Roman&#39;;font-size:13px"> &nbsp; &nbsp; &nbsp; &nbsp; &nbsp; &nbsp; &nbsp;</span></p><p style="line-height:22px"><span style=";font-family:&#39;Times New Roman&#39;;font-size:13px"> &nbsp; &nbsp; &nbsp; &nbsp; &nbsp; &nbsp; &nbsp;</span></p><p style="margin-left:56px;line-height:18px"><strong><span style=";font-family:宋体;font-weight:bold;font-size:16px"><span style="font-family:宋体">二、建设任务</span></span></strong> </p><p style="line-height:8px"><span style=";font-family:&#39;Times New Roman&#39;;font-size:13px"> &nbsp; &nbsp; &nbsp; &nbsp; &nbsp; &nbsp; &nbsp;</span></p><p style="margin-left:56px;line-height:18px"><span style=";font-family:宋体;font-size:16px"><span style="font-family:宋体">（一）优化专业结构，加强专业评估和专业认证</span></span> </p><p style="line-height:11px"><span style=";font-family:&#39;Times New Roman&#39;;font-size:13px"> &nbsp; &nbsp; &nbsp; &nbsp; &nbsp; &nbsp; &nbsp;</span></p><p style="margin-right:23px;margin-left:24px;text-indent:32px;text-align:justify;text-justify:inter-ideograph;line-height:25px"><span style=";font-family:宋体;font-size:16px"><span style="font-family:宋体">按照高水平理工科大学建设目标，积极稳妥地调整专业设置，优化专业结构，逐步提高理工科专业的比例。工科专业以通过国家工程教育专业认证为建设目标，人文社科专业以专业综合改革为导向积极申报和建设各级品牌专业特色专业。以人才培养方案修订、培养标准的精细化、课程体系优化与教学内容改革为重点，分层次、分类别、有计划地开展专业建设。争取</span> 5 年内，现有工科专业中的 50%通过专业认证。</span> </p><p><span style=";font-family:&#39;Times New Roman&#39;;font-size:13px"><br/> </span> &nbsp; &nbsp;</p><p style="line-height:13px"><span style=";font-family:&#39;Times New Roman&#39;;font-size:13px"> &nbsp; &nbsp; &nbsp; &nbsp; &nbsp; &nbsp; &nbsp;</span></p><p style="line-height:20px"><span style=";font-family:&#39;Times New Roman&#39;;font-size:13px"> &nbsp; &nbsp; &nbsp; &nbsp; &nbsp; &nbsp; &nbsp;</span></p><p style=";text-align:center"><span style=";font-family:Times;font-size:16px">71</span> </p><p><span style=";font-family:&#39;Times New Roman&#39;;font-size:13px"><br/> </span> &nbsp; &nbsp;</p><p style="line-height:8px"><span style=";font-family:&#39;Times New Roman&#39;;font-size:13px"> &nbsp; &nbsp; &nbsp; &nbsp; &nbsp; &nbsp; &nbsp;</span></p><p style="margin-right:23px;margin-left:24px;text-indent:32px;text-align:justify;text-justify:inter-ideograph;line-height:25px"><span style=";font-family:宋体;font-size:16px"><span style="font-family:宋体">建立专业评估制度和专业准入与退出机制。对学科水平低、办学条件差、教学管理不善及招生就业困难的专业，实行减少招生或停止招生；按照优势突出、特色鲜明、新兴交叉、社会急需的原则，全面启动重点专业和特色专业建设，通过重点投入、重点建设、精心打造，建设一批具有示范和辐射作用的优势专业，带动学校专业水平的全面提升。采取多种措施加大新办专业的建设力度，提升学校新专业水平。</span></span> </p><p style="line-height:9px"><span style=";font-family:&#39;Times New Roman&#39;;font-size:13px"> &nbsp; &nbsp; &nbsp; &nbsp; &nbsp; &nbsp; &nbsp;</span></p><p style="margin-left:56px;line-height:18px"><span style=";font-family:宋体;font-size:16px"><span style="font-family:宋体">（二）围绕高素质应用型人才培养目标，优化人才培养方案和课程体系</span></span> </p><p style="line-height:11px"><span style=";font-family:&#39;Times New Roman&#39;;font-size:13px"> &nbsp; &nbsp; &nbsp; &nbsp; &nbsp; &nbsp; &nbsp;</span></p><p style="margin-right:23px;margin-left:24px;text-indent:32px;text-align:justify;text-justify:inter-ideograph;line-height:24px"><span style=";font-family:宋体;font-size:16px"><span style="font-family:宋体">各专业通过分层次对标和广泛调研，精确定位专业培养目标，细化分解培养目标中包含的知识、能力、素质要求，根据本专业培养目标和毕业要求反向推导修订人才培养方案。以学习成果为导向调整优化课程体系，构建</span>“厚基础、强实践”的专业课程体系。</span> </p><p style="line-height:11px"><span style=";font-family:&#39;Times New Roman&#39;;font-size:13px"> &nbsp; &nbsp; &nbsp; &nbsp; &nbsp; &nbsp; &nbsp;</span></p><p style="margin-right:23px;margin-left:24px;text-indent:32px;text-align:justify;text-justify:inter-ideograph;line-height:25px"><span style=";font-family:宋体;font-size:16px"><span style="font-family:宋体">加强课程的常规性建设和规范化管理，设立课程建设专项经费，选择基础条件好、学生受益面广的课程进行重点建设，力争建成一批示范性强，辐射面广、影响力大的国家级、省级和校级精品课程，带动全校课程建设水平的整体提高。进一步缩减学分学时，增大实践教学学分比例，增开各类选修课。将创新创业教育纳入人才培养方案的目标和要求，在课程体系中融入创新创业教育的理念、内容和实践，开发创新创业新课程，使创新创业教育在整个课程体系中的重要性得到明显体现。</span></span> </p><p style="line-height:9px"><span style=";font-family:&#39;Times New Roman&#39;;font-size:13px"> &nbsp; &nbsp; &nbsp; &nbsp; &nbsp; &nbsp; &nbsp;</span></p><p style="margin-left:56px;line-height:18px"><span style=";font-family:宋体;font-size:16px"><span style="font-family:宋体">（三）深化实验实践教学体系改革，加强实验技术队伍建设</span></span> </p><p style="line-height:11px"><span style=";font-family:&#39;Times New Roman&#39;;font-size:13px"> &nbsp; &nbsp; &nbsp; &nbsp; &nbsp; &nbsp; &nbsp;</span></p><p style="margin-right:23px;margin-left:24px;text-indent:32px;text-align:justify;text-justify:inter-ideograph;line-height:25px"><span style=";font-family:宋体;font-size:16px"><span style="font-family:宋体">全面规划和设计实验实践教学体系，建立一批资源共享的、以学科或学科群为基础的跨学院跨专业的实验教学示范中心。进一步深化实验实践教学内容改革，构建由基础实验、专业实验、综合设计实验和创新实验组成的实验教学体系；加强实验室和实习实训基地建设，吸纳社会优质资源，着力推进与行业著名公司、龙头企业共建追踪最新技术的创新实验室和实验教学、工程训练和创新训练、创业训练平台，营造</span>“真实”、“集成”的训练环境，强化学生实践能力培养。</span> </p><p style="line-height:11px"><span style=";font-family:&#39;Times New Roman&#39;;font-size:13px"> &nbsp; &nbsp; &nbsp; &nbsp; &nbsp; &nbsp; &nbsp;</span></p><p style="margin-right:23px;margin-left:24px;text-indent:32px;text-align:justify;text-justify:inter-ideograph;line-height:24px"><span style=";font-family:宋体;font-size:16px"><span style="font-family:宋体">建立和完善实验室校院两级管理体制，建立健全规章制度，规范创新实验教学管理；加大教学实验室和科研实验室的开放力度，激励教师吸纳本科生参加科研项目，加强学生的科研训练和创业训练；加强对实践教学环节的质量监控。</span></span> </p><p style="line-height:11px"><span style=";font-family:&#39;Times New Roman&#39;;font-size:13px"> &nbsp; &nbsp; &nbsp; &nbsp; &nbsp; &nbsp; &nbsp;</span></p><p style="margin-right:23px;margin-left:24px;text-indent:32px;text-align:justify;text-justify:inter-ideograph;line-height:23px"><span style=";font-family:宋体;font-size:16px"><span style="font-family:宋体">大力加强实验技术队伍建设，根据二级学院专业设置情况，合理增加实验员数量。建立健全实验技术人员的发展与晋升体系，着力建设一支有利于人才培养、学科建设和科技创新，高质量地服务于全校教学科研的实验技术队伍。</span></span> </p><p style="line-height:8px"><span style=";font-family:&#39;Times New Roman&#39;;font-size:13px"> &nbsp; &nbsp; &nbsp; &nbsp; &nbsp; &nbsp; &nbsp;</span></p><p style="margin-left:56px;line-height:18px"><span style=";font-family:宋体;font-size:16px"><span style="font-family:宋体">（四）完善教学管理组织构架，提高教学管理水平</span></span> </p><p><span style=";font-family:&#39;Times New Roman&#39;;font-size:13px"><br/> </span> &nbsp; &nbsp;</p><p style="line-height:13px"><span style=";font-family:&#39;Times New Roman&#39;;font-size:13px"> &nbsp; &nbsp; &nbsp; &nbsp; &nbsp; &nbsp; &nbsp;</span></p><p style="line-height:13px"><span style=";font-family:&#39;Times New Roman&#39;;font-size:13px"> &nbsp; &nbsp; &nbsp; &nbsp; &nbsp; &nbsp; &nbsp;</span></p><p style="line-height:25px"><span style=";font-family:&#39;Times New Roman&#39;;font-size:13px"> &nbsp; &nbsp; &nbsp; &nbsp; &nbsp; &nbsp; &nbsp;</span></p><p style=";text-align:center"><span style=";font-family:Times;font-size:16px">72</span> </p><p><span style=";font-family:&#39;Times New Roman&#39;;font-size:13px"><br/> </span> &nbsp; &nbsp;</p><p style="line-height:8px"><span style=";font-family:&#39;Times New Roman&#39;;font-size:13px"> &nbsp; &nbsp; &nbsp; &nbsp; &nbsp; &nbsp; &nbsp;</span></p><p style="margin-right:23px;margin-left:24px;text-indent:32px;text-align:justify;text-justify:inter-ideograph;line-height:24px"><span style=";font-family:宋体;font-size:16px"><span style="font-family:宋体">建立校、院、系（课程群）三级教学管理组织架构，明确教学管理职责和目标，扩大二级学院教学管理自主权，建立起以学院为主体的教学管理体系，确保责权利相统一。建立制约和激励并存的奖惩机制，增强基层教学管理活力，提高教学管理效率，确保学校总体教学目标的实现。</span></span> </p><p style="line-height:11px"><span style=";font-family:&#39;Times New Roman&#39;;font-size:13px"> &nbsp; &nbsp; &nbsp; &nbsp; &nbsp; &nbsp; &nbsp;</span></p><p style="margin-right:23px;margin-left:24px;text-indent:32px;text-align:justify;text-justify:inter-ideograph;line-height:25px"><span style=";font-family:宋体;font-size:16px"><span style="font-family:宋体">按照学校定岗定编的总体要求，根据应用型人才培养目标对于教学管理的功能需求，调整和完善教学管理机构科室建制，优化院系教学管理队伍构架，根据本科专业数、学生数增设教务员，保证教学管理队伍的数量。加强教学管理人员学习培训，了解教学改革最新动态、掌握教学管理基本知识，提高教学管理水平。</span></span> </p><p style="line-height:9px"><span style=";font-family:&#39;Times New Roman&#39;;font-size:13px"> &nbsp; &nbsp; &nbsp; &nbsp; &nbsp; &nbsp; &nbsp;</span></p><p style="margin-left:56px;line-height:18px"><span style=";font-family:宋体;font-size:16px"><span style="font-family:宋体">（五）建立教学质量责任人制度，健全教学质量评价组织机构</span></span> </p><p style="line-height:11px"><span style=";font-family:&#39;Times New Roman&#39;;font-size:13px"> &nbsp; &nbsp; &nbsp; &nbsp; &nbsp; &nbsp; &nbsp;</span></p><p style="margin-right:23px;margin-left:24px;text-indent:32px;text-align:justify;text-justify:inter-ideograph;line-height:25px"><span style=";font-family:宋体;font-size:16px"><span style="font-family:宋体">各级党政主要领导要亲自抓教学质量，校党委书记、校长是学校教学质量的第一责任人，分管教学的副校长、分管学生工作的副书记是学校教学质量的主要责任人；教务处、质量监控与评估中心、学生工作部（处）、学院党政负责人是学校教学质量的直接责任人；学校各部处、各部门、各级党群组织的工作都应服务于教学中心工作。二级学院是教学工作的实施单位和教学管理与教学建设的主体，学院党政负责人为学院教学质量第一责任人；系主任（课程群负责人）是专业和课程教学质量的第一责任人；教师是课程教学质量的直接责任人。</span></span> </p><p style="line-height:11px"><span style=";font-family:&#39;Times New Roman&#39;;font-size:13px"> &nbsp; &nbsp; &nbsp; &nbsp; &nbsp; &nbsp; &nbsp;</span></p><p style="margin-right:23px;margin-left:24px;text-indent:32px;text-align:justify;text-justify:inter-ideograph;line-height:25px"><span style=";font-family:宋体;font-size:16px"><span style="font-family:宋体">加强对教学工作的管理和督察。教务处在教学管理工作中要充分发挥规划、协调、引导和服务的职能，制定教学基本建设与改革规划，完善教学管理规章制度，为院系教学工作提供支持和服务。质量监控与评估中心负责制定和完善专业、课程、主要教学环节的质量评价标准，强化教学质量过程与目标管理；引入第三方评估与评价，全面客观反映教学质量状况；加强高等教育研究和研究成果积累，为教学质量改进提供理论支撑。</span></span> </p><p style="line-height:9px"><span style=";font-family:&#39;Times New Roman&#39;;font-size:13px"> &nbsp; &nbsp; &nbsp; &nbsp; &nbsp; &nbsp; &nbsp;</span></p><p style="margin-left:56px;line-height:18px"><span style=";font-family:宋体;font-size:16px"><span style="font-family:宋体">（六）多渠道补充优质师资，加快师资队伍建设</span></span> </p><p style="line-height:11px"><span style=";font-family:&#39;Times New Roman&#39;;font-size:13px"> &nbsp; &nbsp; &nbsp; &nbsp; &nbsp; &nbsp; &nbsp;</span></p><p style="margin-right:23px;margin-left:24px;text-indent:32px;text-align:justify;text-justify:inter-ideograph;line-height:24px"><span style=";font-family:宋体;font-size:16px"><span style="font-family:宋体">根据学校高水平理工科大学建设规划要求，针对现阶段专业教学师资短缺的现实，分年度有计划地精准引育人才。到</span> 2020 年，引进高水平博士、境外知名大学优质师资、企业产业精英师资共 400 名，打造一支数量充足、结构合理、素质优秀的师资队伍，确保高水平应用型人才培养工作有序、有效运行。</span> </p><p style="line-height:9px"><span style=";font-family:&#39;Times New Roman&#39;;font-size:13px"> &nbsp; &nbsp; &nbsp; &nbsp; &nbsp; &nbsp; &nbsp;</span></p><p style="margin-left:56px;line-height:18px"><span style=";font-family:宋体;font-size:16px"><span style="font-family:宋体">（七）完善教学评价制度，改革教学绩效考核方式</span></span> </p><p style="line-height:11px"><span style=";font-family:&#39;Times New Roman&#39;;font-size:13px"> &nbsp; &nbsp; &nbsp; &nbsp; &nbsp; &nbsp; &nbsp;</span></p><p style="margin-right:23px;margin-left:24px;text-indent:32px;text-align:justify;text-justify:inter-ideograph;line-height:24px"><span style=";font-family:宋体;font-size:16px"><span style="font-family:宋体">建立科学、完整、操作性强的教学质量评价体系，定期采集和公布二级学院教学基本状态信息数据；加大对教学评价结果的奖惩力度，引导和激励教师不断提高教学质量；进一步完善同行专家和校、院两级领导听课评价制度，期中教学检查制度，教学专项评估制度，课堂教学评教制度，教学评奖制度，毕</span></span> </p><p><span style=";font-family:&#39;Times New Roman&#39;;font-size:13px"><br/> </span> &nbsp; &nbsp;</p><p style="line-height:13px"><span style=";font-family:&#39;Times New Roman&#39;;font-size:13px"> &nbsp; &nbsp; &nbsp; &nbsp; &nbsp; &nbsp; &nbsp;</span></p><p style="line-height:13px"><span style=";font-family:&#39;Times New Roman&#39;;font-size:13px"> &nbsp; &nbsp; &nbsp; &nbsp; &nbsp; &nbsp; &nbsp;</span></p><p style="line-height:25px"><span style=";font-family:&#39;Times New Roman&#39;;font-size:13px"> &nbsp; &nbsp; &nbsp; &nbsp; &nbsp; &nbsp; &nbsp;</span></p><p style=";text-align:center"><span style=";font-family:Times;font-size:16px">73</span> </p><p><span style=";font-family:&#39;Times New Roman&#39;;font-size:13px"><br/> </span> &nbsp; &nbsp;</p><p style="line-height:5px"><span style=";font-family:&#39;Times New Roman&#39;;font-size:13px"> &nbsp; &nbsp; &nbsp; &nbsp; &nbsp; &nbsp; &nbsp;</span></p><p style="margin-left:24px;line-height:18px"><span style=";font-family:宋体;font-size:16px"><span style="font-family:宋体">业生追踪调查制度等，确保教学质量的稳步提高。</span></span> </p><p style="line-height:11px"><span style=";font-family:&#39;Times New Roman&#39;;font-size:13px"> &nbsp; &nbsp; &nbsp; &nbsp; &nbsp; &nbsp; &nbsp;</span></p><p style="margin-right:23px;margin-left:24px;text-indent:32px;text-align:justify;text-justify:inter-ideograph;line-height:25px"><span style=";font-family:宋体;font-size:16px"><span style="font-family:宋体">由质量监控与评估中心制定教学质量评价办法，协同人事考核部门出台专门细则，将原来以课时数为主要考核依据的教学绩效考核方式转变为由教学质量和课时数综合的考核方式，充分激励院系、教师全身心投入教学，提高教学质量。通过教学状态数据采集填报，开展二级学院、专业、课程、主要教学环节评估，编制和发布校院教学质量报告，定期发布校、院教学质量指数，将教师个人教学质量评价系数、二级学院教学质量指数作为绩效工资发放和学校教学资源配置的定量依据，形成科学完善、执行有力的学校内部教学质量监测与保障体系。</span></span> </p><p style="line-height:8px"><span style=";font-family:&#39;Times New Roman&#39;;font-size:13px"> &nbsp; &nbsp; &nbsp; &nbsp; &nbsp; &nbsp; &nbsp;</span></p><p style="margin-left:56px;line-height:18px"><span style=";font-family:宋体;font-size:16px"><span style="font-family:宋体">（八）建设数字化教学平台，服务师生互动和学生自主学习</span></span> </p><p style="line-height:11px"><span style=";font-family:&#39;Times New Roman&#39;;font-size:13px"> &nbsp; &nbsp; &nbsp; &nbsp; &nbsp; &nbsp; &nbsp;</span></p><p style="margin-right:23px;margin-left:24px;text-indent:32px;text-align:justify;text-justify:inter-ideograph;line-height:25px"><span style=";font-family:宋体;font-size:16px"><span style="font-family:宋体">建设数字化教学平台，创建有利于学生素质教育、创新创业意识培养、实践能力提升的数字化教学资源。实施重点课程、精品课程、品牌专业必修课程、实验教学示范中心资源平台和文化素质教育的立体化教学资源建设，以精品课程、品牌专业和文化素质教育数字化建设为突破口，建成既能满足学生自主学习、专业知识需要又能拓展学生素质教育的数字化课程中心。到</span> 2020 年，建成涵盖所有专业和各类课程的学生自主学习、文化素质教育、师生互动的数字化资源平台。</span> </p><p style="line-height:9px"><span style=";font-family:&#39;Times New Roman&#39;;font-size:13px"> &nbsp; &nbsp; &nbsp; &nbsp; &nbsp; &nbsp; &nbsp;</span></p><p style="margin-left:56px;line-height:18px"><span style=";font-family:宋体;font-size:16px"><span style="font-family:宋体">（九）加强教风学风建设，形成良好校风</span></span> </p><p style="line-height:11px"><span style=";font-family:&#39;Times New Roman&#39;;font-size:13px"> &nbsp; &nbsp; &nbsp; &nbsp; &nbsp; &nbsp; &nbsp;</span></p><p style="margin-right:23px;margin-left:24px;text-indent:32px;text-align:justify;text-justify:inter-ideograph;line-height:25px"><span style=";font-family:宋体;font-size:16px"><span style="font-family:宋体">以制度建设为基础，以强化管理为手段，狠抓教师教学工作规范和教学技能提升，不断提高教学水平；发挥宣传媒体的正面教育引导作用，加大对爱岗敬业、潜心育人的优秀教师先进事迹的宣传报道，加强对国家级、省部级教学成果奖，教学名师，精品课程等典型成果的宣传报道，营造良好的尊师重教的氛围；强化全员育人意识，加强教学督导队伍建设，增强教学服务人员的责任意识、服务意识和业务能力，不断提高服务师生质量，以优良教风促进学风建设。依托学科竞赛等活动拓展第二课堂，以综合实践促进优良学风形成。</span></span> </p><p style="line-height:11px"><span style=";font-family:&#39;Times New Roman&#39;;font-size:13px"> &nbsp; &nbsp; &nbsp; &nbsp; &nbsp; &nbsp; &nbsp;</span></p><p style="margin-right:23px;margin-left:24px;text-indent:32px;text-align:justify;text-justify:inter-ideograph;line-height:25px"><span style=";font-family:宋体;font-size:16px"><span style="font-family:宋体">加强校纪校规教育、诚信教育，严格课堂教学纪律管理和违纪处理，狠抓学风、考风建设；完善领导干部联系班级制度、管理干部听课制度、学生辅导员学习访谈制度、班主任班级例会制度；改革课程考核方法，注重学生学习过程考核，提倡考核形式多样化；建立学生学业导师制度，拓宽师生交流互动等途径，促进良好学风的形成。</span></span> </p><p style="line-height:9px"><span style=";font-family:&#39;Times New Roman&#39;;font-size:13px"> &nbsp; &nbsp; &nbsp; &nbsp; &nbsp; &nbsp; &nbsp;</span></p><p style="margin-left:56px;line-height:18px"><span style=";font-family:宋体;font-size:16px"><span style="font-family:宋体">（十）强化国际化战略，提高国际化办学水平和层次</span></span> </p><p style="line-height:11px"><span style=";font-family:&#39;Times New Roman&#39;;font-size:13px"> &nbsp; &nbsp; &nbsp; &nbsp; &nbsp; &nbsp; &nbsp;</span></p><p style="margin-right:34px;margin-left:24px;text-indent:32px;line-height:23px"><span style=";font-family:宋体;font-size:15px"><span style="font-family:宋体">把学生国际化培养作为一件带有根本性、全局性和长远性的大事抓紧推进，充分利用国际优质教育资源，加大国际化培养人才的力度。采取走出去，请进来的办法，加强国际合作，积极探索与国外著名大学、国际性大公司合作</span></span> </p><p><span style=";font-family:&#39;Times New Roman&#39;;font-size:13px"><br/> </span> &nbsp; &nbsp;</p><p style="line-height:13px"><span style=";font-family:&#39;Times New Roman&#39;;font-size:13px"> &nbsp; &nbsp; &nbsp; &nbsp; &nbsp; &nbsp; &nbsp;</span></p><p style="line-height:13px"><span style=";font-family:&#39;Times New Roman&#39;;font-size:13px"> &nbsp; &nbsp; &nbsp; &nbsp; &nbsp; &nbsp; &nbsp;</span></p><p style="line-height:25px"><span style=";font-family:&#39;Times New Roman&#39;;font-size:13px"> &nbsp; &nbsp; &nbsp; &nbsp; &nbsp; &nbsp; &nbsp;</span></p><p style=";text-align:center"><span style=";font-family:Times;font-size:16px">74</span> </p><p><span style=";font-family:&#39;Times New Roman&#39;;font-size:13px"><br/> </span> &nbsp;</p><p style="line-height:8px"><span style=";font-family:&#39;Times New Roman&#39;;font-size:13px"> &nbsp; &nbsp; &nbsp; &nbsp; &nbsp; </span></p><p style="margin-right:26px;margin-left:24px;text-align:justify;text-justify:inter-ideograph;line-height:25px"><span style=";font-family:宋体;font-size:16px"><span style="font-family:宋体">的国际化联合培养新模式，选派优秀学生赴国外著名大学交流和学习，开展学生的短期实习、游学、暑期学分、比赛、海外实训，扩大学生视野，增长学生见识。加大全英课程建设力度，吸引外国留学生来校学习、交流；将教师送出海外培训、访学、留学深造，开展学术交流与项目合作；积极邀请国际知名专家、学者、名人等来校举办多种文化主题活动和讲座；力争引进</span> 20—30 位高端外籍专业教师，大幅度增加有海外学习和国际交流经历的在校教师比例；积极引进优质教育资源，申报中外合作办学机构（项目），努力提升国际合作办学的水平和层次。</span> </p><p style="line-height:13px"><span style=";font-family:&#39;Times New Roman&#39;;font-size:13px"> &nbsp; &nbsp; &nbsp; &nbsp; &nbsp; </span></p><p style="line-height:22px"><span style=";font-family:&#39;Times New Roman&#39;;font-size:13px"> &nbsp; &nbsp; &nbsp; &nbsp; &nbsp; </span></p><p style="margin-left:56px;line-height:18px"><strong><span style=";font-family:宋体;font-weight:bold;font-size:16px"><span style="font-family:宋体">三、保障措施</span></span></strong> </p><p style="line-height:8px"><span style=";font-family:&#39;Times New Roman&#39;;font-size:13px"> &nbsp; &nbsp; &nbsp; &nbsp; &nbsp; </span></p><p style="margin-left:56px;line-height:18px"><span style=";font-family:宋体;font-size:16px"><span style="font-family:宋体">（一）加大经费投入</span></span> </p><p style="line-height:11px"><span style=";font-family:&#39;Times New Roman&#39;;font-size:13px"> &nbsp; &nbsp; &nbsp; &nbsp; &nbsp; </span></p><p style="margin-right:23px;margin-left:24px;text-indent:32px;text-align:justify;text-justify:inter-ideograph;line-height:25px"><span style=";font-family:宋体;font-size:16px"><span style="font-family:宋体">进一步完善和落实教学经费保障机制，加大经费投入，学校新增经费优先保障教学建设和教学改革需要。充分调动校内外各种优质教学资源，将教学经费和资源优化配置到高素质应用型人才培养体系建设的各个主体、各个环节，通过教改立项、校企共建、成果奖励、教学竞赛、奖教助学等方式，形成有力支撑高素质应用型人才培养体系建设的资金保障体系和功能协同机制。</span></span> </p><p style="line-height:9px"><span style=";font-family:&#39;Times New Roman&#39;;font-size:13px"> &nbsp; &nbsp; &nbsp; &nbsp; &nbsp; </span></p><p style="margin-left:56px;line-height:18px"><span style=";font-family:宋体;font-size:16px"><span style="font-family:宋体">（二）出台配套细则</span></span> </p><p style="line-height:11px"><span style=";font-family:&#39;Times New Roman&#39;;font-size:13px"> &nbsp; &nbsp; &nbsp; &nbsp; &nbsp; </span></p><p style="margin-right:23px;margin-left:24px;text-indent:32px;text-align:justify;text-justify:inter-ideograph;line-height:24px"><span style=";font-family:宋体;font-size:16px"><span style="font-family:宋体">按照学校统一部署，出台教学改革政策配套细则和行动计划，教学管理职能部门和各教学单位要结合部门职责、本学院的学科专业特点及发展建设规划，制定相应的建设任务实施细则，进一步明确各级单位的任务要求和责任义务，建立协同联动机制，推进各项改革措施和建设任务的实施。</span></span> </p><p style="line-height:9px"><span style=";font-family:&#39;Times New Roman&#39;;font-size:13px"> &nbsp; &nbsp; &nbsp; &nbsp; &nbsp; </span></p><p style="margin-left:56px;line-height:18px"><span style=";font-family:宋体;font-size:16px"><span style="font-family:宋体">（三）强化激励措施</span></span> </p><p style="line-height:11px"><span style=";font-family:&#39;Times New Roman&#39;;font-size:13px"> &nbsp; &nbsp; &nbsp; &nbsp; &nbsp; </span></p><p><span style=";font-family:宋体;font-size:16px"><span style="font-family:宋体">强化目标管理，加强绩效评价，将高素质应用型人才培养体系建设和实施作为重要绩效考核指标。加大对在应用型人才培养体系建设和教育教学改革中做出重大贡献的优秀教学团队和优秀教师奖励力度，在职称评聘中实行</span>“教学考核一票否决制”。加大对有良好基础、组织申报国家级和省级教学成果奖的教学团队的扶持和资助力度，加大各级教学成果奖励力度。明确应用型人才培养体系建设的主体责任，建立严格的考评体系和问责机制，设定建设任务的时间表和路线图，确保各项建设任务高质高效完成。</span></p><p><span style="font-size: 20px;"></span><br/></p>', 1);
INSERT INTO uml_open_course_db.dguterd1_uml (erd1_id, erd1_title, erd1_type, erd1_date, erd1_origin, erd1_content, erd1_state) VALUES (10015, '东莞理工学院“十三五”专业建设与发展规划（2016—2020 年） ', '教学体系', '2017-12-05', '东莞理工学院教务处', '<p style="text-align: center;"><span style="font-size: 20px; color: rgb(255, 0, 0);">东莞理工学院“十三五”专业建设与发展规划（2016—2020 年）</span></p><p><span style="font-size: 20px; color: rgb(255, 0, 0);"></span></p><p>专业建设是高等学校重要的教学基本建设，从根本上反映了高校的办学水平、办学特色和核心竞争力。“十三五”时期是学校的重要战略机遇期和转型时期，是加强专业建设，提升学校综合实力和办学水平的关键时期。为进一步优化专业结构，充分发挥专业建设在人才培养、科学研究、社会服务中的引领作用，实现教学质量全面、协调、可持续发展，加快推进学校高水平理工科大学建设，根据《国家中长期教育改革和发展规划纲要（2010—2020
 
年）》《普通高等学校本科专业设置的规定》《广东省先进制造业发展“十三五”规划》《广东省教育厅东莞市人民政府共建东莞理工学院协议》《东莞市国民经济和社会发展第十三个五年规划纲要》《东莞理工学院高水平理工科大学建设总体规划（2015—
 2020）》等文件精神，结合学校发展实际，特制定本规划。</p><p><br/> </p><p><br/> </p><p>一、专业建设与发展现状</p><p><br/> </p><p>（一）专业结构与布局</p><p><br/> </p><p>东莞理工学院于 1990 年筹办，1992 年 4 月经原国家教委批准成立，2002 年 3 
月经教育部批准变更为本科全日制普通高等院校，2006 年 5 月获批成为学士学位授予单位，2008 年 5 
月提前参加教育部本科教学工作水平评估并以良好成绩通过。学校充分利用既有教育资源，优化学科专业结构，拓宽专业口径，以社会需求为导向，合理设置专业，初步形成了多学科稳步发展的专业结构与布局。到目前为止，学校设有
 39 个普通本科专业（详见表 1），共涉及工学、管理学、文学、理学、经济学院、法学、教育学、艺术学等 8 个学科门类，其中，理工类专业 20 
个，所占的比例为 51.3%（详见表 2）。学校的专业设置能够遵循教育规律，充分利用教育资源，基本符合社会发展和经济建设对人才培养的需求。</p><p><br/> </p><p><span style="font-size: 20px; color: rgb(255, 0, 0);"><br/></span><br/></p>', 1);
INSERT INTO uml_open_course_db.dguterd1_uml (erd1_id, erd1_title, erd1_type, erd1_date, erd1_origin, erd1_content, erd1_state) VALUES (10016, '东莞理工学院特色专业建设实施办法 ', '教学方式', '2017-12-05', '东莞理工学院教务处', '<p style="text-align: center;"><span style="font-size: 24px; color: rgb(255, 0, 0);">东莞理工学院特色专业建设实施办法</span></p><p><span style="font-size: 24px; color: rgb(255, 0, 0);"></span></p><p style="margin-right:8px;margin-left:24px;text-indent:32px;line-height:24px"><span style=";font-family:宋体;font-size:16px"><span style="font-family:宋体">为进一步提升我校办学水平和综合实力，加快高水平理工科大学的建设步伐，突出人才培养的办学优势和特色，满足经济建设与社会发展对复合型、应用型人才的需求，根据《教育部财政部关于实施高等学校本科教学质量与教学改革工程的意见》（教高〔</span>2007〕1 号）的文件精神，特制定本办法。</span> </p><p style="line-height:13px"><span style=";font-family:&#39;Times New Roman&#39;;font-size:13px"> &nbsp; &nbsp; &nbsp; &nbsp; &nbsp; &nbsp; &nbsp;</span></p><p style="line-height:22px"><span style=";font-family:&#39;Times New Roman&#39;;font-size:13px"> &nbsp; &nbsp; &nbsp; &nbsp; &nbsp; &nbsp; &nbsp;</span></p><p style="margin-left:56px;line-height:18px"><strong><span style=";font-family:宋体;font-weight:bold;font-size:16px"><span style="font-family:宋体">一、特色专业建设的指导思想</span></span></strong> </p><p style="line-height:11px"><span style=";font-family:&#39;Times New Roman&#39;;font-size:13px"> &nbsp; &nbsp; &nbsp; &nbsp; &nbsp; &nbsp; &nbsp;</span></p><p style="margin-right:16px;margin-left:24px;text-indent:32px;text-align:justify;text-justify:inter-ideograph;line-height:25px"><span style=";font-family:宋体;font-size:16px">1、按照“理念先进、目标明确、改革领先、师资优化、设备精良、教学优秀”的要求，科学规划，强力实施，创新机制，加大投入，深化教学改革，合理配置资源，使我校一些本科专业在办学条件、建设水平、管理水平、教学改革成果、科研水平以及人才培养质量等方面形成优势和特色，全面提升我校办学质量，扩大社会知名度。</span> </p><p style="line-height:13px"><span style=";font-family:&#39;Times New Roman&#39;;font-size:13px"> &nbsp; &nbsp; &nbsp; &nbsp; &nbsp; &nbsp; &nbsp;</span></p><p style="line-height:22px"><span style=";font-family:&#39;Times New Roman&#39;;font-size:13px"> &nbsp; &nbsp; &nbsp; &nbsp; &nbsp; &nbsp; &nbsp;</span></p><p style="margin-left:56px;line-height:18px"><strong><span style=";font-family:宋体;font-weight:bold;font-size:16px"><span style="font-family:宋体">二、特色专业建设的总体目标</span></span></strong> </p><p style="line-height:11px"><span style=";font-family:&#39;Times New Roman&#39;;font-size:13px"> &nbsp; &nbsp; &nbsp; &nbsp; &nbsp; &nbsp; &nbsp;</span></p><p style="margin-right:24px;margin-left:24px;text-indent:32px;text-align:justify;text-justify:inter-ideograph;line-height:24px"><span style=";font-family:宋体;font-size:16px">2、在现有专业建设成果的基础上，全面实施特色专业建设工程，通过遴选培育，重点打造一批优势明显特色鲜明的专业。在现有 5 个国家级、省级特色专业的基础上，通争取在 2017 年建成 8 个省级以上重点特色专业，2020 年建成 10 个省级以上重点特色专业。</span> </p><p style="line-height:11px"><span style=";font-family:&#39;Times New Roman&#39;;font-size:13px"> &nbsp; &nbsp; &nbsp; &nbsp; &nbsp; &nbsp; &nbsp;</span></p><p style="margin-right:24px;margin-left:24px;text-indent:32px;text-align:justify;text-justify:inter-ideograph;line-height:23px"><span style=";font-family:宋体;font-size:16px">3、特色专业要达到教育教学理念先进、人才培养措施适应时代要求、专业建设、教学改革、管理水平和人才培养质量在校内达到领先水平、在省内具有较高社会声誉的目标。</span> </p><p style="line-height:11px"><span style=";font-family:&#39;Times New Roman&#39;;font-size:13px"> &nbsp; &nbsp; &nbsp; &nbsp; &nbsp; &nbsp; &nbsp;</span></p><p style="margin-right:24px;margin-left:24px;text-indent:32px;text-align:justify;text-justify:inter-ideograph;line-height:23px"><span style=";font-family:宋体;font-size:16px">4、通过重点特色专业建设，进一步优化学校学科专业结构，提升学校专业建设的整体水平，发挥 “以点带面”的示范作用，提高学校人才培养的质量、效益和在省内外的竞争力。</span> </p><p style="line-height:13px"><span style=";font-family:&#39;Times New Roman&#39;;font-size:13px"> &nbsp; &nbsp; &nbsp; &nbsp; &nbsp; &nbsp; &nbsp;</span></p><p style="line-height:22px"><span style=";font-family:&#39;Times New Roman&#39;;font-size:13px"> &nbsp; &nbsp; &nbsp; &nbsp; &nbsp; &nbsp; &nbsp;</span></p><p style="margin-left:56px;line-height:18px"><strong><span style=";font-family:宋体;font-weight:bold;font-size:16px"><span style="font-family:宋体">三、特色专业建设的遴选标准及条件</span></span></strong> </p><p style="line-height:8px"><span style=";font-family:&#39;Times New Roman&#39;;font-size:13px"> &nbsp; &nbsp; &nbsp; &nbsp; &nbsp; &nbsp; &nbsp;</span></p><p style="margin-left:56px;line-height:18px"><span style=";font-family:宋体;font-size:16px">5、校级特色专业应具有 3 届以上毕业生。</span> </p><p style="line-height:11px"><span style=";font-family:&#39;Times New Roman&#39;;font-size:13px"> &nbsp; &nbsp; &nbsp; &nbsp; &nbsp; &nbsp; &nbsp;</span></p><p style="margin-right:18px;margin-left:24px;text-indent:32px;text-align:justify;text-justify:inter-ideograph;line-height:24px"><span style=";font-family:宋体;font-size:16px">6、近两年的专业评估达到良好及以上等级。专业建设方案应具有先进的办学理念、明确的建设目标、清晰的改革思路。人才培养目标符合社会发展需要，注重知识、能力、素质协调发展，注重创新精神、实践能力和创业能力的培养。人才培养方案具有创新性、科学性、可操作性。</span> </p><p style="line-height:11px"><span style=";font-family:&#39;Times New Roman&#39;;font-size:13px"> &nbsp; &nbsp; &nbsp; &nbsp; &nbsp; &nbsp; &nbsp;</span></p><p style="margin-right:24px;margin-left:24px;text-indent:32px;line-height:21px"><span style=";font-family:宋体;font-size:15px">7、教师队伍相对稳定。拥有具备较高的教学科研水平和学术知名度的骨干教师，专业师资队伍职称结构、学历结构和年龄结构合理；队伍建设规划科学合</span> </p><p><span style=";font-family:&#39;Times New Roman&#39;;font-size:13px"><br/> </span> &nbsp; &nbsp;</p><p style="line-height:13px"><span style=";font-family:&#39;Times New Roman&#39;;font-size:13px"> &nbsp; &nbsp; &nbsp; &nbsp; &nbsp; &nbsp; &nbsp;</span></p><p style="line-height:23px"><span style=";font-family:&#39;Times New Roman&#39;;font-size:13px"> &nbsp; &nbsp; &nbsp; &nbsp; &nbsp; &nbsp; &nbsp;</span></p><p style=";text-align:center"><span style=";font-family:Times;font-size:16px">85</span> </p><p><span style=";font-family:&#39;Times New Roman&#39;;font-size:13px"><br/> </span> &nbsp; &nbsp;</p><p style="line-height:5px"><span style=";font-family:&#39;Times New Roman&#39;;font-size:13px"> &nbsp; &nbsp; &nbsp; &nbsp; &nbsp; &nbsp; &nbsp;</span></p><p style="margin-left:24px;line-height:18px"><span style=";font-family:宋体;font-size:16px"><span style="font-family:宋体">理、措施得力、效果显著，有良好的科研背景或专业技术背景。</span></span> </p><p style="line-height:11px"><span style=";font-family:&#39;Times New Roman&#39;;font-size:13px"> &nbsp; &nbsp; &nbsp; &nbsp; &nbsp; &nbsp; &nbsp;</span></p><p style="margin-right:18px;margin-left:24px;text-indent:32px;text-align:justify;text-justify:inter-ideograph;line-height:23px"><span style=";font-family:宋体;font-size:16px">8、按照地方经济社会对复合型、应用型人才培养要求，深化教学改革，优化课程体系，加强教材建设，更新教学内容，积极组织多媒体教学和双语教学，切实加强实验、实践教学环节。</span> </p><p style="line-height:11px"><span style=";font-family:&#39;Times New Roman&#39;;font-size:13px"> &nbsp; &nbsp; &nbsp; &nbsp; &nbsp; &nbsp; &nbsp;</span></p><p style="margin-right:24px;margin-left:24px;text-indent:32px;text-align:justify;text-justify:inter-ideograph;line-height:23px"><span style=";font-family:宋体;font-size:16px">9、专业的教学基础设施条件良好，经费投入有足够保证，校内外的实验、实习、实训条件能够满足实践教学的要求，与机关、事业单位、行业、企业等有比较密切的联系和有效合作。</span> </p><p style="line-height:11px"><span style=";font-family:&#39;Times New Roman&#39;;font-size:13px"> &nbsp; &nbsp; &nbsp; &nbsp; &nbsp; &nbsp; &nbsp;</span></p><p style="margin-right:16px;margin-left:56px;line-height:21px"><span style=";font-family:宋体;font-size:16px">10、重视教学管理改革，建立切实有效的质量保证和监控体系。11、人才培养质量较高，综合素质良好。毕业生就业率高，毕业生满意度高，</span> </p><p style="line-height:8px"><span style=";font-family:&#39;Times New Roman&#39;;font-size:13px"> &nbsp; &nbsp; &nbsp; &nbsp; &nbsp; &nbsp; &nbsp;</span></p><p style="margin-left:24px;line-height:18px"><span style=";font-family:宋体;font-size:16px"><span style="font-family:宋体">用人单位对毕业生的综合评价好。</span></span> </p><p style="line-height:13px"><span style=";font-family:&#39;Times New Roman&#39;;font-size:13px"> &nbsp; &nbsp; &nbsp; &nbsp; &nbsp; &nbsp; &nbsp;</span></p><p style="line-height:22px"><span style=";font-family:&#39;Times New Roman&#39;;font-size:13px"> &nbsp; &nbsp; &nbsp; &nbsp; &nbsp; &nbsp; &nbsp;</span></p><p style="margin-left:56px;line-height:18px"><strong><span style=";font-family:宋体;font-weight:bold;font-size:16px"><span style="font-family:宋体">四、特色专业遴选程序</span></span></strong> </p><p style="line-height:11px"><span style=";font-family:&#39;Times New Roman&#39;;font-size:13px"> &nbsp; &nbsp; &nbsp; &nbsp; &nbsp; &nbsp; &nbsp;</span></p><p style="margin-right:24px;margin-left:56px;line-height:21px"><span style=";font-family:宋体;font-size:16px">12、二级学院按照相关要求提交申报材料。13、学校组织专家组对申报材料进行评审，必要时，通知有关人员到场进行</span> </p><p style="line-height:9px"><span style=";font-family:&#39;Times New Roman&#39;;font-size:13px"> &nbsp; &nbsp; &nbsp; &nbsp; &nbsp; &nbsp; &nbsp;</span></p><p style="margin-left:24px;line-height:18px"><span style=";font-family:宋体;font-size:16px"><span style="font-family:宋体">答辩，采取无记名投票方式择优遴选。</span></span> </p><p style="line-height:8px"><span style=";font-family:&#39;Times New Roman&#39;;font-size:13px"> &nbsp; &nbsp; &nbsp; &nbsp; &nbsp; &nbsp; &nbsp;</span></p><p style="margin-left:56px;line-height:18px"><span style=";font-family:宋体;font-size:16px">14、专家组评审的结果提交学校教学指导委员会审议。</span> </p><p style="line-height:9px"><span style=";font-family:&#39;Times New Roman&#39;;font-size:13px"> &nbsp; &nbsp; &nbsp; &nbsp; &nbsp; &nbsp; &nbsp;</span></p><p style="margin-left:56px;line-height:18px"><span style=";font-family:宋体;font-size:15px">15、教指委审议通过结果经学校审核批准后，纳入校级教学研究与改革项目，</span> </p><p style="line-height:8px"><span style=";font-family:&#39;Times New Roman&#39;;font-size:13px"> &nbsp; &nbsp; &nbsp; &nbsp; &nbsp; &nbsp; &nbsp;</span></p><p style="margin-left:24px;line-height:18px"><span style=";font-family:宋体;font-size:16px"><span style="font-family:宋体">正式发文公布。</span></span> </p><p style="line-height:13px"><span style=";font-family:&#39;Times New Roman&#39;;font-size:13px"> &nbsp; &nbsp; &nbsp; &nbsp; &nbsp; &nbsp; &nbsp;</span></p><p style="line-height:22px"><span style=";font-family:&#39;Times New Roman&#39;;font-size:13px"> &nbsp; &nbsp; &nbsp; &nbsp; &nbsp; &nbsp; &nbsp;</span></p><p style="margin-left:56px;line-height:18px"><strong><span style=";font-family:宋体;font-weight:bold;font-size:16px"><span style="font-family:宋体">五、特色专业的建设与管理</span></span></strong> </p><p style="line-height:11px"><span style=";font-family:&#39;Times New Roman&#39;;font-size:13px"> &nbsp; &nbsp; &nbsp; &nbsp; &nbsp; &nbsp; &nbsp;</span></p><p style="margin-right:16px;margin-left:24px;text-indent:32px;text-align:justify;text-justify:inter-ideograph;line-height:25px"><span style=";font-family:宋体;font-size:15px">16、特色专业建设实行系主任负责制，凡是被省、校建设的特色专业均视为省、校级重大教学改革课题。系主任负责主持拟订专业建设目标、制订专业建设规划，落实专业建设方案和人才培养方案。对照特色专业建设的目标、要求和验收标准，加强师资、课程、教材、实验实习实训基地建设，深化教学内容、课程体系和人才培养模式改革，落实责任，强化管理，保证达到专业建设的预期目标。</span> </p><p style="line-height:11px"><span style=";font-family:&#39;Times New Roman&#39;;font-size:13px"> &nbsp; &nbsp; &nbsp; &nbsp; &nbsp; &nbsp; &nbsp;</span></p><p style="margin-right:24px;margin-left:24px;text-indent:32px;text-align:justify;text-justify:inter-ideograph;line-height:24px"><span style=";font-family:宋体;font-size:16px">17、校级特色专业自立项之日起，由学校专门划拨经费资助建设。每个专业资助 &nbsp;10 万元，按中期检查的效果，分两次资助。经费管理办法参照《东莞理工学院教学专项经费使用暂行办法》（莞工[2015]32 &nbsp;号）执行。如被立项为省级以上特色专业建设项目，学校将再追加建设经费。</span> </p><p style="line-height:11px"><span style=";font-family:&#39;Times New Roman&#39;;font-size:13px"> &nbsp; &nbsp; &nbsp; &nbsp; &nbsp; &nbsp; &nbsp;</span></p><p style="margin-right:24px;margin-left:56px;line-height:21px"><span style=";font-family:宋体;font-size:16px">18、特色专业的建设周期一般为 2－3 年。19、学校要加大对特色专业建设的监督和检查，每年组织专家检查。同时加</span> </p><p style="line-height:11px"><span style=";font-family:&#39;Times New Roman&#39;;font-size:13px"> &nbsp; &nbsp; &nbsp; &nbsp; &nbsp; &nbsp; &nbsp;</span></p><p style="margin-right:24px;margin-left:24px;line-height:21px"><span style=";font-family:宋体;font-size:15px"><span style="font-family:宋体">大支持和管理力度，通过大力扶持和政策导向，充分调动教师、教学管理人员和研究人员投身专业建设与改革的积极性，为特色专业的建设创造良好的环境。</span></span> </p><p style="line-height:8px"><span style=";font-family:&#39;Times New Roman&#39;;font-size:13px"> &nbsp; &nbsp; &nbsp; &nbsp; &nbsp; &nbsp; &nbsp;</span></p><p style="margin-left:56px;line-height:18px"><span style=";font-family:宋体;font-size:16px">20、特色专业建设完成目标和任务，或已满建设周期后，由所在院系向学校</span> </p><p><span style=";font-family:&#39;Times New Roman&#39;;font-size:13px"><br/> </span> &nbsp; &nbsp;</p><p style="line-height:13px"><span style=";font-family:&#39;Times New Roman&#39;;font-size:13px"> &nbsp; &nbsp; &nbsp; &nbsp; &nbsp; &nbsp; &nbsp;</span></p><p style="line-height:13px"><span style=";font-family:&#39;Times New Roman&#39;;font-size:13px"> &nbsp; &nbsp; &nbsp; &nbsp; &nbsp; &nbsp; &nbsp;</span></p><p style="line-height:25px"><span style=";font-family:&#39;Times New Roman&#39;;font-size:13px"> &nbsp; &nbsp; &nbsp; &nbsp; &nbsp; &nbsp; &nbsp;</span></p><p style=";text-align:center"><span style=";font-family:Times;font-size:16px">86</span> </p><p><span style=";font-family:&#39;Times New Roman&#39;;font-size:13px"><br/> </span> &nbsp;</p><p style="line-height:8px"><span style=";font-family:&#39;Times New Roman&#39;;font-size:13px"> &nbsp; &nbsp; &nbsp; &nbsp; &nbsp; </span></p><p style="margin-right:24px;margin-left:24px;line-height:21px"><span style=";font-family:宋体;font-size:15px"><span style="font-family:宋体">提出书面申请，并对申请验收专业的建设、改革情况进行全面总结，提交自评报告。学校组织专家对申请验收的专业进行实地考察，依照验收标准进行验收。</span></span> </p><p style="line-height:11px"><span style=";font-family:&#39;Times New Roman&#39;;font-size:13px"> &nbsp; &nbsp; &nbsp; &nbsp; &nbsp; </span></p><p style="margin-right:16px;margin-left:24px;text-indent:32px;text-align:justify;text-justify:inter-ideograph;line-height:24px"><span style=";font-family:宋体;font-size:16px">21、验收合格者，由学校授予“东莞理工学院特色专业”称号，向社会公布。特色专业荣誉称号有效期 5 年，有效期内由学校向上推荐争取申报国家级省级特色专业。未通过验收的，一年内可申请再次验收，验收仍然不合格，视作未通过验收。</span> </p><p style="line-height:13px"><span style=";font-family:&#39;Times New Roman&#39;;font-size:13px"> &nbsp; &nbsp; &nbsp; &nbsp; &nbsp; </span></p><p style="line-height:22px"><span style=";font-family:&#39;Times New Roman&#39;;font-size:13px"> &nbsp; &nbsp; &nbsp; &nbsp; &nbsp; </span></p><p><strong><span style=";font-family:宋体;font-weight:bold;font-size:16px"><span style="font-family:宋体">六、本实施办法自发布之日起施行，教务处负责解释。</span></span></strong></p><p><span style="font-size: 24px; color: rgb(255, 0, 0);"></span><br/></p>', 1);
INSERT INTO uml_open_course_db.dguterd1_uml (erd1_id, erd1_title, erd1_type, erd1_date, erd1_origin, erd1_content, erd1_state) VALUES (10017, '东莞理工学院新建本科专业申报规定 ', '', '2018-12-05', '东莞理工学院教务处', '<p style="text-align: center;"><span style="font-size: 24px; color: rgb(255, 0, 0);">东莞理工学院新建本科专业申报规定</span></p><p><span style="font-size: 24px; color: rgb(255, 0, 0);"></span></p><p style="margin-right:16px;margin-left:24px;text-indent:32px;line-height:21px"><span style=";font-family:宋体;font-size:15px"><span style="font-family:宋体">为更好地适应地方社会经济发展需求，促进我校提高教育教学质量和办出特色，加大专业调整力度，优化人才培养结构，现就新建专业的申报提出以下规定：</span></span> </p><p style="line-height:19px"><span style=";font-family:&#39;Times New Roman&#39;;font-size:13px"> &nbsp; &nbsp; &nbsp; &nbsp; &nbsp; &nbsp; &nbsp;</span></p><p style="margin-left:56px;line-height:18px"><strong><span style=";font-family:宋体;font-weight:bold;font-size:16px"><span style="font-family:宋体">一、申报新专业的前期工作</span></span></strong> </p><p style="line-height:11px"><span style=";font-family:&#39;Times New Roman&#39;;font-size:13px"> &nbsp; &nbsp; &nbsp; &nbsp; &nbsp; &nbsp; &nbsp;</span></p><p style="margin-right:18px;margin-left:24px;text-indent:32px;text-align:justify;text-justify:inter-ideograph;line-height:24px"><span style=";font-family:宋体;font-size:16px"><span style="font-family:宋体">认真做好拟新建专业的规划和人才需求调研。各二级教学单位做好各项调研工作，对国家、地区社会经济发展、全国、产业发展、对人才需求情况、本地区本专业的建设情况、毕业生就业情况、未来发展趋势分析等进行细致调查研究。根据学校的办学优势和特色，认真制订好学科发展和专业设置规划。</span></span> </p><p style="line-height:19px"><span style=";font-family:&#39;Times New Roman&#39;;font-size:13px"> &nbsp; &nbsp; &nbsp; &nbsp; &nbsp; &nbsp; &nbsp;</span></p><p style="margin-left:56px;line-height:18px"><strong><span style=";font-family:宋体;font-weight:bold;font-size:16px"><span style="font-family:宋体">二、申报专业必须具备的基本条件</span></span></strong> </p><p style="line-height:11px"><span style=";font-family:&#39;Times New Roman&#39;;font-size:13px"> &nbsp; &nbsp; &nbsp; &nbsp; &nbsp; &nbsp; &nbsp;</span></p><p style="margin-right:24px;margin-left:24px;text-indent:32px;text-align:justify;text-justify:inter-ideograph;line-height:23px"><span style=";font-family:宋体;font-size:16px"><span style="font-family:宋体">按照《普通高等学校本科专业目录</span>(2012 年)》和《普通高等学校本科专业设置管理规定》，结合我校创新发展战略规划要求，申报新专业须符合以下基本条件：</span> </p><p style="line-height:9px"><span style=";font-family:&#39;Times New Roman&#39;;font-size:13px"> &nbsp; &nbsp; &nbsp; &nbsp; &nbsp; &nbsp; &nbsp;</span></p><p style="margin-left:56px;line-height:18px"><span style=";font-family:宋体;font-size:16px">1、符合学校办学定位和发展规划；</span> </p><p style="line-height:8px"><span style=";font-family:&#39;Times New Roman&#39;;font-size:13px"> &nbsp; &nbsp; &nbsp; &nbsp; &nbsp; &nbsp; &nbsp;</span></p><p style="margin-left:56px;line-height:18px"><span style=";font-family:宋体;font-size:16px">2、有相关学科专业为依托；</span> </p><p style="line-height:8px"><span style=";font-family:&#39;Times New Roman&#39;;font-size:13px"> &nbsp; &nbsp; &nbsp; &nbsp; &nbsp; &nbsp; &nbsp;</span></p><p style="margin-left:56px;line-height:18px"><span style=";font-family:宋体;font-size:16px">3、与地方经济社会发展适应度高，有稳定的社会人才需求；</span> </p><p style="line-height:8px"><span style=";font-family:&#39;Times New Roman&#39;;font-size:13px"> &nbsp; &nbsp; &nbsp; &nbsp; &nbsp; &nbsp; &nbsp;</span></p><p style="margin-left:56px;line-height:18px"><span style=";font-family:宋体;font-size:16px">4、有科学、规范、可行的专业人才培养方案；</span> </p><p style="line-height:8px"><span style=";font-family:&#39;Times New Roman&#39;;font-size:13px"> &nbsp; &nbsp; &nbsp; &nbsp; &nbsp; &nbsp; &nbsp;</span></p><p style="margin-left:56px;line-height:18px"><span style=";font-family:宋体;font-size:16px">5、有完成专业人才培养方案所必需的专职教师队伍及教学辅助人员。</span> </p><p style="line-height:8px"><span style=";font-family:&#39;Times New Roman&#39;;font-size:13px"> &nbsp; &nbsp; &nbsp; &nbsp; &nbsp; &nbsp; &nbsp;</span></p><p style="margin-left:56px;line-height:18px"><span style=";font-family:宋体;font-size:16px">6、有支持新专业建设发展的相应条件及投入保障。</span> </p><p style="line-height:19px"><span style=";font-family:&#39;Times New Roman&#39;;font-size:13px"> &nbsp; &nbsp; &nbsp; &nbsp; &nbsp; &nbsp; &nbsp;</span></p><p style="margin-left:56px;line-height:18px"><strong><span style=";font-family:宋体;font-weight:bold;font-size:16px"><span style="font-family:宋体">三、申报新专业程序</span></span></strong> </p><p style="line-height:11px"><span style=";font-family:&#39;Times New Roman&#39;;font-size:13px"> &nbsp; &nbsp; &nbsp; &nbsp; &nbsp; &nbsp; &nbsp;</span></p><p style="margin-right:24px;margin-left:24px;text-indent:32px;text-align:justify;text-justify:inter-ideograph;line-height:23px"><span style=";font-family:宋体;font-size:16px">1、二级教学单位对拟申报专业的教师基本情况、办学条件进行充分论证，填写《普通高等学校本科专业设置申请表（备案专业适用）》，在规定时间内将《申请表》报送教务处。</span> </p><p style="line-height:11px"><span style=";font-family:&#39;Times New Roman&#39;;font-size:13px"> &nbsp; &nbsp; &nbsp; &nbsp; &nbsp; &nbsp; &nbsp;</span></p><p style="margin-right:24px;margin-left:24px;text-indent:32px;text-align:justify;text-justify:inter-ideograph;line-height:23px"><span style=";font-family:宋体;font-size:16px">2、教务处组织各拟申报新专业进行答辩，由校学术委员会委托下设的教学指导委员会进行评议和投票，确定学校拟增设的新专业名单，报请主管校领导审定。</span> </p><p style="line-height:11px"><span style=";font-family:&#39;Times New Roman&#39;;font-size:13px"> &nbsp; &nbsp; &nbsp; &nbsp; &nbsp; &nbsp; &nbsp;</span></p><p style="margin-right:24px;margin-left:56px;line-height:21px"><span style=";font-family:宋体;font-size:16px">3、将拟新增专业名单提交校长办公会核准。4、将审定通过的拟增设新专业的相关材料上传至教育部新专业申报网站，</span> </p><p style="line-height:9px"><span style=";font-family:&#39;Times New Roman&#39;;font-size:13px"> &nbsp; &nbsp; &nbsp; &nbsp; &nbsp; &nbsp; &nbsp;</span></p><p style="margin-left:24px;line-height:18px"><span style=";font-family:宋体;font-size:16px"><span style="font-family:宋体">公示期为一个月。</span></span> </p><p style="line-height:11px"><span style=";font-family:&#39;Times New Roman&#39;;font-size:13px"> &nbsp; &nbsp; &nbsp; &nbsp; &nbsp; &nbsp; &nbsp;</span></p><p style="margin-right:24px;margin-left:24px;text-indent:32px;line-height:21px"><span style=";font-family:宋体;font-size:16px">5、公示期满后，学校将公示期间所提意见的研究处理情况及专业设置申请材料报教育厅。</span> </p><p style="line-height:11px"><span style=";font-family:&#39;Times New Roman&#39;;font-size:13px"> &nbsp; &nbsp; &nbsp; &nbsp; &nbsp; &nbsp; &nbsp;</span></p><p style="margin-right:24px;margin-left:24px;text-indent:32px;line-height:21px"><span style=";font-family:宋体;font-size:16px">6、教育厅对我校提供的专业备案材料、公示期间所提意见、我校研究处理情况等进行审核，将相关材料报教育部备案。</span> </p><p><span style=";font-family:&#39;Times New Roman&#39;;font-size:13px"><br/> </span> &nbsp; &nbsp;</p><p style="line-height:13px"><span style=";font-family:&#39;Times New Roman&#39;;font-size:13px"> &nbsp; &nbsp; &nbsp; &nbsp; &nbsp; &nbsp; &nbsp;</span></p><p style="line-height:13px"><span style=";font-family:&#39;Times New Roman&#39;;font-size:13px"> &nbsp; &nbsp; &nbsp; &nbsp; &nbsp; &nbsp; &nbsp;</span></p><p style="line-height:18px"><span style=";font-family:&#39;Times New Roman&#39;;font-size:13px"> &nbsp; &nbsp; &nbsp; &nbsp; &nbsp; &nbsp; &nbsp;</span></p><p style=";text-align:center"><span style=";font-family:Times;font-size:16px">88</span> </p><p><span style=";font-family:&#39;Times New Roman&#39;;font-size:13px"><br/> </span> &nbsp;</p><p style="line-height:5px"><span style=";font-family:&#39;Times New Roman&#39;;font-size:13px"> &nbsp; &nbsp; &nbsp; &nbsp; &nbsp; </span></p><p style="margin-left:56px;line-height:18px"><span style=";font-family:宋体;font-size:16px">7、教育部公布备案结果。</span> </p><p style="line-height:19px"><span style=";font-family:&#39;Times New Roman&#39;;font-size:13px"> &nbsp; &nbsp; &nbsp; &nbsp; &nbsp; </span></p><p style="margin-left:56px;line-height:18px"><strong><span style=";font-family:宋体;font-weight:bold;font-size:16px"><span style="font-family:宋体">四、其他说明</span></span></strong> </p><p style="line-height:11px"><span style=";font-family:&#39;Times New Roman&#39;;font-size:13px"> &nbsp; &nbsp; &nbsp; &nbsp; &nbsp; </span></p><p style="margin-right:24px;margin-left:24px;text-indent:32px;line-height:21px"><span style=";font-family:宋体;font-size:16px">1、申报设置国家控制布点专业，按以上申报有关程序和要求报送材料至教育厅，经教育厅报送至教育部后，由教育部公布审批结果。</span> </p><p style="line-height:11px"><span style=";font-family:&#39;Times New Roman&#39;;font-size:13px"> &nbsp; &nbsp; &nbsp; &nbsp; &nbsp; </span></p><p style="margin-right:24px;margin-left:24px;text-indent:32px;line-height:21px"><span style=";font-family:宋体;font-size:16px">2、对于尚未列入《专业目录》的新专业，需要填写《普通高等学校本科专业设置申请表（审批专业适用）》，其它程序同控制布点专业。</span> </p><p style="line-height:11px"><span style=";font-family:&#39;Times New Roman&#39;;font-size:13px"> &nbsp; &nbsp; &nbsp; &nbsp; &nbsp; </span></p><p style="margin-right:24px;margin-left:24px;text-indent:32px;line-height:21px"><span style=";font-family:宋体;font-size:16px">3、严格控制年度专业增设总量。全校年度申报新专业一般不超过 3 个，上年度已经成功申报新专业的二级教学单位原则上不能连续申报。</span> </p><p style="line-height:19px"><span style=";font-family:&#39;Times New Roman&#39;;font-size:13px"> &nbsp; &nbsp; &nbsp; &nbsp; &nbsp; </span></p><p style="margin-left:56px;line-height:18px"><strong><span style=";font-family:宋体;font-weight:bold;font-size:16px"><span style="font-family:宋体">五、申报新专业的材料要求</span></span></strong> </p><p style="line-height:11px"><span style=";font-family:&#39;Times New Roman&#39;;font-size:13px"> &nbsp; &nbsp; &nbsp; &nbsp; &nbsp; </span></p><p style="margin-right:16px;margin-left:24px;text-indent:32px;line-height:23px"><span style=";font-family:宋体;font-size:16px">1、申报目录内专业（含国家控制布点专业）填写《普通高等学校本科专业设置申请表（备案专业适用）》一式二份，《专业设置（备案专业）申请汇总表》一式二份，均用 A4 纸打印。</span> </p><p style="line-height:11px"><span style=";font-family:&#39;Times New Roman&#39;;font-size:13px"> &nbsp; &nbsp; &nbsp; &nbsp; &nbsp; </span></p><p style="margin-right:24px;margin-left:24px;text-indent:32px;text-align:justify;text-justify:inter-ideograph;line-height:23px"><span style=";font-family:宋体;font-size:16px">2、申报目录外专业填写《普通高等学校本科专业设置申请表（审批专业适用）》一式二份，《专业设置（审批专业）申请汇总表》一式二份，均用 A4 纸打印。</span> </p><p style="line-height:8px"><span style=";font-family:&#39;Times New Roman&#39;;font-size:13px"> &nbsp; &nbsp; &nbsp; &nbsp; &nbsp; </span></p><p><span style=";font-family:宋体;font-size:16px">3、用于佐证新专业申报的各类支撑材料。</span></p><p><span style="font-size: 24px; color: rgb(255, 0, 0);"><br/></span><br/></p>', 1);
INSERT INTO uml_open_course_db.dguterd1_uml (erd1_id, erd1_title, erd1_type, erd1_date, erd1_origin, erd1_content, erd1_state) VALUES (10018, '东莞理工学院校级教学成果奖培育项目的遴选和培育办法 ', '教学手段', '2018-12-05', '东莞理工学院教务处  ', '<p style="text-align: center;"><span style="color: rgb(255, 0, 0); font-size: 24px;">东莞理工学院校级教学成果奖培育项目的遴选和培育办法</span></p><p><span style="color: rgb(255, 0, 0); font-size: 24px;"><span style="color: rgb(0, 0, 0); font-size: 18px;">为推进学校教育教学改革，加强本科教学质量与教学改革工程建设，更好地总结我校教育教学改革成果与经验，迎接下一轮的教学成果奖评定，学校开展校教学成果奖培育项目的遴选和培育。 <br/> <br/> <br/> 一、培育项目的遴选原则 <br/> <br/> 1、以人才培养模式的改革和创新为重点，积极推动解决学校在应用型人才培养过程中的问题，培养符合地方经济社会发展需要的各方面人才。 <br/> <br/> 2、鼓励与政府、企业、行业和科研院所的积极合作，重点培育在产学研结合基础上具有良好推广应用效果的项目。 <br/> <br/> 3、培育项目不能仅仅是对已有教改项目或成果的堆砌，而应在梳理整合的基础上，提出具有明确改革意识和建设思路、创新性强、特色明显、预期效果好，代表本单位人才培养工作特色，能对学校甚至全省高校起示范辐射作用的项目。 <br/> <br/> <br/> 二、培育项目范围 <br/> <br/> 1、针对教育对象的特点和人才培养的要求，运用现代教育思想和教学手段，在开展课程、教材、实验、实习基地建设等方面，探索教学规律，更新教学内容，改进教学方法，提高教学水平和教育质量的成果。 <br/> <br/> 2、根据教育目的、教育环境和教育教学规律，在组织教学工作，推动教学改革，开展教学评估，加强专业（学科）、教师队伍和学风建设，促进产学研相结合，实现教学管理现代化等方面的成果。 <br/> <br/> 3、对已有国家级、省部级和校级项目立项和支撑背景的（以正式公布文件为准，包括教学类项目、实验教学示范中心、教学团队、特色专业、精品课程和教学名师等），依托该项目已开展相关教改研究与实践，不以资金资助为主要目的但尚未推荐申报各级教学成果奖的优先考虑。 <br/> <br/> 4、已获校级、省级教学成果奖的项目在原成果基础上再进行深化改革实践,具有较大推广价值与应用前景，有更高层次或更高级别获奖可能性的项目，可以申报校级教学成果奖培育项目。 <br/> <br/> <br/> 三、遴选条件 <br/> <br/> 1、申报项目应有 2 年以上教育教学实践检验，实践检验的起始时间应从正 <br/> <br/> <br/> <br/> 90 <br/> <br/> <br/> 式实施（包括正式试行）教育教学方案的时间开始计算，不含研讨、论证和制定方案的时间。截止时间为推荐省级、国家级教学成果奖的时间。 <br/> <br/> 2、项目负责人应具有副教授以上职称，具备较强的教学研究能力和教学实践经验，曾承担校级以上教学研究改革项目或获得校级以上教学成果奖。项目研究队伍实力强、结构合理，项目组成员不超过 5 人。 <br/> <br/> 3、以协同创新为导向的跨专业、跨学科、跨单位联合申报项目，是学校教育教学改革中重点培育的方向。 <br/> <br/> <br/> 四、遴选程序 <br/> <br/> 1、项目主持人负责填写《东莞理工学院教育教学成果奖培育项目申请书》； <br/> <br/> 2、各院系组织人员申报项目，由所在单位初审，填写推荐意见和《东莞理工学院教学成果奖培育项目申报汇总表》后，向学校推荐申报。 <br/> <br/> 3、学校组织专家对申报项目进行遴选，评审出校级教学成果奖培育项目。 <br/> <br/> <br/> 五、培育办法 <br/> <br/> 1、对符合校级教学成果奖申报要求、解决教学问题成效显著、创新点突出、具有一定推广应用价值和竞争实力的项目给予一定的经费资助，并在政策上给予支持和倾斜。 <br/> <br/> 2、培育项目确定后，教务处将定期对项目建设过程进行指导交流和督促检查，确保培育成效。 <br/> <br/> 3、在评选校级及以上各级教育教学成果奖评奖中对培育项目优先考虑</span><br/></span></p>', 1);
INSERT INTO uml_open_course_db.dguterd1_uml (erd1_id, erd1_title, erd1_type, erd1_date, erd1_origin, erd1_content, erd1_state) VALUES (10020, '东莞理工学院专业建设经费使用管理办法', '教学方式', '2018-12-05', '东莞理工学院教务处', '<p style="margin-right:11px;text-align:center;line-height:21px"><span style="font-size: 24px; color: rgb(255, 0, 0);"><strong><span style="font-size: 24px; font-weight: bold; font-family: 宋体;">东莞理工学院专业建设经费使用管理办法</span></strong></span></p><p style="margin-right: 11px; line-height: 21px; text-align: center;"><strong><span style=";font-family:宋体;font-weight:bold;font-size:19px"><span style="font-family:宋体">第一章</span></span></strong> <strong><span style=";font-family:宋体;font-weight:bold;font-size:18px"><span style="font-family:宋体">总则</span></span></strong> </p><p style="line-height:18px"><span style=";font-family:&#39;Times New Roman&#39;;font-size:13px"> &nbsp; &nbsp; &nbsp; &nbsp; &nbsp; &nbsp; &nbsp;</span></p><p style="margin-right:31px;margin-left:21px;text-indent:31px;text-align:justify;text-justify:inter-ideograph;line-height:23px"><strong><span style=";font-family:宋体;font-weight:bold;font-size:16px"><span style="font-family:宋体">第一条</span> </span></strong><span style=";font-family:宋体;font-size:16px"><span style="font-family:宋体">为进一步加强学校专业建设经费管理，提高专业建设效益，根据《东莞理工学院教学经费管理办法》《东莞理工学院教学专项经费使用专项经费使用暂行办法》，结合学校实际，特制订本办法。</span></span> </p><p style="line-height:11px"><span style=";font-family:&#39;Times New Roman&#39;;font-size:13px"> &nbsp; &nbsp; &nbsp; &nbsp; &nbsp; &nbsp; &nbsp;</span></p><p style="margin-right:28px;margin-left:21px;text-indent:31px;text-align:justify;text-justify:inter-ideograph;line-height:23px"><strong><span style=";font-family:宋体;font-weight:bold;font-size:16px"><span style="font-family:宋体">第二条</span> </span></strong><span style=";font-family:宋体;font-size:16px"><span style="font-family:宋体">专业建设费指学校下达的普通专业建设费、卓越计划专业建设费、模式改革实验班专业建设费和专业认证建设经费。专门立项的各种专业建设经费参照执行。</span></span> </p><p style="line-height:13px"><span style=";font-family:&#39;Times New Roman&#39;;font-size:13px"> &nbsp; &nbsp; &nbsp; &nbsp; &nbsp; &nbsp; &nbsp;</span></p><p style="line-height:24px"><span style=";font-family:&#39;Times New Roman&#39;;font-size:13px"> &nbsp; &nbsp; &nbsp; &nbsp; &nbsp; &nbsp; &nbsp;</span></p><p style="margin-right:11px;text-align:center;line-height:21px"><strong><span style=";font-family:宋体;font-weight:bold;font-size:19px"><span style="font-family:宋体">第二章</span></span></strong> <strong><span style=";font-family:宋体;font-weight:bold;font-size:18px"><span style="font-family:宋体">经费管理</span></span></strong> </p><p style="line-height:18px"><span style=";font-family:&#39;Times New Roman&#39;;font-size:13px"> &nbsp; &nbsp; &nbsp; &nbsp; &nbsp; &nbsp; &nbsp;</span></p><p style="margin-right:24px;margin-left:21px;text-indent:31px;text-align:justify;text-justify:inter-ideograph;line-height:23px"><strong><span style=";font-family:宋体;font-weight:bold;font-size:15px"><span style="font-family:宋体">第三条</span> </span></strong><span style=";font-family:宋体;font-size:15px"><span style="font-family:宋体">专业建设经费使用和管理坚持</span>“谁使用、谁负责”的原则。学校为经费使用管理的责任单位，教务处负责实施；二级学院教学副院长负责经费管理，由院长、教学副院长“双签”审批，系主任或专业负责人负责经费具体执行。</span> </p><p style="line-height:8px"><span style=";font-family:&#39;Times New Roman&#39;;font-size:13px"> &nbsp; &nbsp; &nbsp; &nbsp; &nbsp; &nbsp; &nbsp;</span></p><p style="margin-left:52px;line-height:18px"><strong><span style=";font-family:宋体;font-weight:bold;font-size:16px"><span style="font-family:宋体">第四条</span></span></strong> <span style=";font-family:宋体;font-size:15px"><span style="font-family:宋体">专业建设经费预算纳入学校年度预算，专项管理，专款专用。</span></span> </p><p style="line-height:11px"><span style=";font-family:&#39;Times New Roman&#39;;font-size:13px"> &nbsp; &nbsp; &nbsp; &nbsp; &nbsp; &nbsp; &nbsp;</span></p><p style="margin-right:31px;margin-left:21px;text-indent:31px;text-align:justify;text-justify:inter-ideograph;line-height:24px"><strong><span style=";font-family:宋体;font-weight:bold;font-size:16px"><span style="font-family:宋体">第五条</span> </span></strong><span style=";font-family:宋体;font-size:16px"><span style="font-family:宋体">专业建设经费用于支持专业建设目标要求的教师发展与教学团队建设、课程教材资源开发、实验实训条件建设、学生创业创新训练、国内外教学交流合作、教育教学研究与改革以及专业评估认证等所需要的必要支出，主要范围包括：</span></span> </p><p style="line-height:11px"><span style=";font-family:&#39;Times New Roman&#39;;font-size:13px"> &nbsp; &nbsp; &nbsp; &nbsp; &nbsp; &nbsp; &nbsp;</span></p><p style="margin-right:28px;margin-left:21px;text-indent:24px;text-align:justify;text-justify:inter-ideograph;line-height:23px"><span style=";font-family:宋体;font-size:16px"><span style="font-family:宋体">（一）教师发展与教学团队建设经费：用于专业带头人、骨干教师和青年教师的培养培训，包括教师进修费、差旅费、住宿费、培训费、校外专家咨询费、劳务费等。</span></span> </p><p style="line-height:11px"><span style=";font-family:&#39;Times New Roman&#39;;font-size:13px"> &nbsp; &nbsp; &nbsp; &nbsp; &nbsp; &nbsp; &nbsp;</span></p><p style="margin-right:31px;margin-left:21px;text-indent:24px;text-align:justify;text-justify:inter-ideograph;line-height:23px"><span style=";font-family:宋体;font-size:16px"><span style="font-family:宋体">（二）课程教材资源开发经费：用于课程、教材、教案及教学视频的开发、制作与共享，包括课程制作费、教材出版费、图书购置费、资料费、专用软件购买费、文献检索费、信息化教学所需的系统开发费用。</span></span> </p><p style="line-height:11px"><span style=";font-family:&#39;Times New Roman&#39;;font-size:13px"> &nbsp; &nbsp; &nbsp; &nbsp; &nbsp; &nbsp; &nbsp;</span></p><p style="margin-right:23px;margin-left:21px;text-indent:24px;text-align:justify;text-justify:inter-ideograph;line-height:24px"><span style=";font-family:宋体;font-size:16px"><span style="font-family:宋体">（三）实验实训条件建设经费：用于改善本科生实验实训条件，包括专用材料和设备购置费、设备升级和维修费、实验室维修改造费、校外仪器设备租用费、测试化验加工和计算分析费。设备采购按学校规定执行。用于实验实训条件建设支出的比例不得超过专业建设经费的</span> 30%。</span> </p><p style="line-height:11px"><span style=";font-family:&#39;Times New Roman&#39;;font-size:13px"> &nbsp; &nbsp; &nbsp; &nbsp; &nbsp; &nbsp; &nbsp;</span></p><p style="margin-right:31px;margin-left:21px;text-indent:24px;text-align:justify;text-justify:inter-ideograph;line-height:24px"><span style=";font-family:宋体;font-size:16px"><span style="font-family:宋体">（四）学生创业创新训练经费：用于提升本科生专业技能和创业创新能力，如各种实习实训实践、项目引导实施、科技创新和竞赛活动等产生的费用，包括实验材料购置费、学生租车费、学生差旅费、必要的竞赛报名费、学生竞赛奖励费、外聘人员指导费等。</span></span> </p><p><span style=";font-family:&#39;Times New Roman&#39;;font-size:13px"><br/> </span> &nbsp; &nbsp;</p><p style="line-height:13px"><span style=";font-family:&#39;Times New Roman&#39;;font-size:13px"> &nbsp; &nbsp; &nbsp; &nbsp; &nbsp; &nbsp; &nbsp;</span></p><p style="line-height:13px"><span style=";font-family:&#39;Times New Roman&#39;;font-size:13px"> &nbsp; &nbsp; &nbsp; &nbsp; &nbsp; &nbsp; &nbsp;</span></p><p style="line-height:16px"><span style=";font-family:&#39;Times New Roman&#39;;font-size:13px"> &nbsp; &nbsp; &nbsp; &nbsp; &nbsp; &nbsp; &nbsp;</span></p><p style=";text-align:center"><span style=";font-family:Times;font-size:16px">95</span> </p><p><span style=";font-family:&#39;Times New Roman&#39;;font-size:13px"><br/> </span> &nbsp; &nbsp;</p><p style="line-height:8px"><span style=";font-family:&#39;Times New Roman&#39;;font-size:13px"> &nbsp; &nbsp; &nbsp; &nbsp; &nbsp; &nbsp; &nbsp;</span></p><p style="margin-right:31px;margin-left:21px;text-indent:24px;text-align:justify;text-justify:inter-ideograph;line-height:24px"><span style=";font-family:宋体;font-size:16px"><span style="font-family:宋体">（五）国内外教学交流合作经费：用于国内外高校、研究机构、企事业单位交流教学管理经验和教学研究成果，联合培养本科生、共建品牌专业项目过程中发生的费用，包括差旅费、会议费，国（境、校）外专家旅费、伙食费及工作酬金（补贴）等。</span></span> </p><p style="line-height:11px"><span style=";font-family:&#39;Times New Roman&#39;;font-size:13px"> &nbsp; &nbsp; &nbsp; &nbsp; &nbsp; &nbsp; &nbsp;</span></p><p style="margin-right:31px;margin-left:21px;text-indent:24px;text-align:justify;text-justify:inter-ideograph;line-height:23px"><span style=";font-family:宋体;font-size:16px"><span style="font-family:宋体">（六）教育教学研究与改革经费：用于提高本科生培养质量而开展的教育教学研究与改革的活动，包括调研或参会产生的差旅交通费、会议费、版面费，校外专家咨询费、劳务费等。</span></span> </p><p style="line-height:11px"><span style=";font-family:&#39;Times New Roman&#39;;font-size:13px"> &nbsp; &nbsp; &nbsp; &nbsp; &nbsp; &nbsp; &nbsp;</span></p><p style="margin-right:31px;margin-left:21px;text-indent:24px;text-align:justify;text-justify:inter-ideograph;line-height:21px"><span style=";font-family:宋体;font-size:16px"><span style="font-family:宋体">（七）专业评估认证经费：专业文化环境建设、文档资料建设、外请评估专家、专业认证产生的材料购置费、差旅交通费、咨询费和认证费等。</span></span> </p><p style="line-height:8px"><span style=";font-family:&#39;Times New Roman&#39;;font-size:13px"> &nbsp; &nbsp; &nbsp; &nbsp; &nbsp; &nbsp; &nbsp;</span></p><p style="margin-left:44px;line-height:18px"><span style=";font-family:宋体;font-size:16px"><span style="font-family:宋体">（八）人才培养方案承诺的培养环节实施所需的其他费用。</span></span> </p><p style="line-height:8px"><span style=";font-family:&#39;Times New Roman&#39;;font-size:13px"> &nbsp; &nbsp; &nbsp; &nbsp; &nbsp; &nbsp; &nbsp;</span></p><p style="margin-left:44px;line-height:18px"><span style=";font-family:宋体;font-size:16px"><span style="font-family:宋体">以上各项经费中交通费用的支出不得超过总额度的</span> 15%。</span> </p><p style="line-height:11px"><span style=";font-family:&#39;Times New Roman&#39;;font-size:13px"> &nbsp; &nbsp; &nbsp; &nbsp; &nbsp; &nbsp; &nbsp;</span></p><p style="margin-right:31px;margin-left:21px;text-indent:31px;text-align:justify;text-justify:inter-ideograph;line-height:21px"><strong><span style=";font-family:宋体;font-weight:bold;font-size:16px"><span style="font-family:宋体">第六条</span> </span></strong><span style=";font-family:宋体;font-size:16px"><span style="font-family:宋体">专业建设经费形成的仪器设备、课程教材资源等，应积极予以开放共享，提高利用效率。</span></span> </p><p style="line-height:13px"><span style=";font-family:&#39;Times New Roman&#39;;font-size:13px"> &nbsp; &nbsp; &nbsp; &nbsp; &nbsp; &nbsp; &nbsp;</span></p><p style="line-height:24px"><span style=";font-family:&#39;Times New Roman&#39;;font-size:13px"> &nbsp; &nbsp; &nbsp; &nbsp; &nbsp; &nbsp; &nbsp;</span></p><p style="margin-right:10px;text-align:center;line-height:21px"><strong><span style=";font-family:宋体;font-weight:bold;font-size:19px"><span style="font-family:宋体">第三章</span></span></strong> <strong><span style=";font-family:宋体;font-weight:bold;font-size:18px"><span style="font-family:宋体">绩效考核和监督检查</span></span></strong> </p><p style="line-height:18px"><span style=";font-family:&#39;Times New Roman&#39;;font-size:13px"> &nbsp; &nbsp; &nbsp; &nbsp; &nbsp; &nbsp; &nbsp;</span></p><p style="margin-right:31px;margin-left:21px;text-indent:31px;text-align:justify;text-justify:inter-ideograph;line-height:23px"><strong><span style=";font-family:宋体;font-weight:bold;font-size:15px"><span style="font-family:宋体">第七条</span> </span></strong><span style=";font-family:宋体;font-size:15px"><span style="font-family:宋体">教务处负责专业建设的过程指导管理和年度验收，按照项目建设效益、经费执行度等实际情况安排下一年度预算；对管理规范、实施成效显著的专业给予适当奖励性投入；对管理松弛、成效较差的专业酌情减少资金投入。</span></span> </p><p style="line-height:11px"><span style=";font-family:&#39;Times New Roman&#39;;font-size:13px"> &nbsp; &nbsp; &nbsp; &nbsp; &nbsp; &nbsp; &nbsp;</span></p><p style="margin-right:23px;margin-left:21px;text-indent:31px;line-height:23px"><strong><span style=";font-family:宋体;font-weight:bold;font-size:16px"><span style="font-family:宋体">第八条</span> </span></strong><span style=";font-family:宋体;font-size:16px"><span style="font-family:宋体">各二级学院应根据年度下达经费和开支范围合理编制预算报教务处、财务处备案，原则上不予调整，确因建设需要必须调整的，应提交书面申请，经审批后方可执行。</span></span> </p><p style="line-height:11px"><span style=";font-family:&#39;Times New Roman&#39;;font-size:13px"> &nbsp; &nbsp; &nbsp; &nbsp; &nbsp; &nbsp; &nbsp;</span></p><p style="margin-right:30px;margin-left:21px;text-indent:31px;line-height:21px"><strong><span style=";font-family:宋体;font-weight:bold;font-size:15px"><span style="font-family:宋体">第九条</span> </span></strong><span style=";font-family:宋体;font-size:15px"><span style="font-family:宋体">专业建设费应根据经费开支范围和经费预算，按照国家和学校有关财务管理规定，本着节约高效的原则，合理使用建设经费，切实提高建设效益。</span></span> </p><p style="line-height:11px"><span style=";font-family:&#39;Times New Roman&#39;;font-size:13px"> &nbsp; &nbsp; &nbsp; &nbsp; &nbsp; &nbsp; &nbsp;</span></p><p style="margin-right:28px;margin-left:21px;text-indent:31px;text-align:justify;text-justify:inter-ideograph;line-height:23px"><strong><span style=";font-family:宋体;font-weight:bold;font-size:16px"><span style="font-family:宋体">第十条</span> </span></strong><span style=";font-family:宋体;font-size:16px"><span style="font-family:宋体">各二级学院和专业负责人应遵守国家财政纪律，自觉接受财务处、审计处等二级组织机构的监督和检查。出国（境）差旅费、会议费、培训费、校外专家劳务费等开支标准参照国家及学校有关规定执行。</span></span> </p><p style="line-height:13px"><span style=";font-family:&#39;Times New Roman&#39;;font-size:13px"> &nbsp; &nbsp; &nbsp; &nbsp; &nbsp; &nbsp; &nbsp;</span></p><p style="line-height:24px"><span style=";font-family:&#39;Times New Roman&#39;;font-size:13px"> &nbsp; &nbsp; &nbsp; &nbsp; &nbsp; &nbsp; &nbsp;</span></p><p style="margin-right:11px;text-align:center;line-height:21px"><strong><span style=";font-family:宋体;font-weight:bold;font-size:19px"><span style="font-family:宋体">第四章</span></span></strong> <strong><span style=";font-family:宋体;font-weight:bold;font-size:18px"><span style="font-family:宋体">附则</span></span></strong> </p><p style="line-height:15px"><span style=";font-family:&#39;Times New Roman&#39;;font-size:13px"> &nbsp; &nbsp; &nbsp; &nbsp; &nbsp; &nbsp; &nbsp;</span></p><p style="margin-left:52px;line-height:18px"><strong><span style=";font-family:宋体;font-weight:bold;font-size:16px"><span style="font-family:宋体">第十一条</span></span></strong> <span style=";font-family:宋体;font-size:15px"><span style="font-family:宋体">本办法由教务处、财务处负责解释。</span></span> </p><p style="line-height:11px"><span style=";font-family:&#39;Times New Roman&#39;;font-size:13px"> &nbsp; &nbsp; &nbsp; &nbsp; &nbsp; &nbsp; &nbsp;</span></p><p style="margin-right:26px;margin-left:21px;text-indent:31px;line-height:21px"><strong><span style=";font-family:宋体;font-weight:bold;font-size:15px"><span style="font-family:宋体">第十二条</span> </span></strong><span style=";font-family:宋体;font-size:15px"><span style="font-family:宋体">本办法自发文之日起试行，原《东莞理工学院教学专项经费使用暂行办法》（莞工〔</span>2015〕32 号）中有关专业建设经费使用办法条款同时废止。</span> </p><p><span style=";font-family:&#39;Times New Roman&#39;;font-size:13px"><br/> </span></p><p><br/></p>', 1);
INSERT INTO uml_open_course_db.dguterd1_uml (erd1_id, erd1_title, erd1_type, erd1_date, erd1_origin, erd1_content, erd1_state) VALUES (10024, 'fdfsdfs', '教学方式', '2019-01-16', '贵定师范', '<p>fsdfsdfsdfsdfsd</p>', 0);
create table dguterd2_decision
(
  decId   int auto_increment
    primary key,
  address char(50) null,
  title   char(50) not null,
  time    char(20) null
)
  collate = utf8_unicode_520_ci;

INSERT INTO uml_open_course_db.dguterd2_decision (decId, address, title, time) VALUES (2, '../upload/20141128/20141128111964856485.doc', '2012年（下）教改立项发文', '2017-12-05 00:00:00');
INSERT INTO uml_open_course_db.dguterd2_decision (decId, address, title, time) VALUES (3, '../upload/20141128/20141128111938853885.doc', '2012年省级教改结题通知', '2017-12-05 00:00:00');
INSERT INTO uml_open_course_db.dguterd2_decision (decId, address, title, time) VALUES (4, '../upload/20141128/20141128111938853885.doc', '2013年（下）教改立项发文', '2017-12-05 00:00:00');
INSERT INTO uml_open_course_db.dguterd2_decision (decId, address, title, time) VALUES (5, '../upload/20141128/20141128111938853885.doc', '2013年教改结题发文', '2017-12-05 00:00:00');
INSERT INTO uml_open_course_db.dguterd2_decision (decId, address, title, time) VALUES (6, '../upload/20141128/20141128111938853885.doc', '2017年（上）教改立项发文', '2017-12-05 00:00:00');
INSERT INTO uml_open_course_db.dguterd2_decision (decId, address, title, time) VALUES (7, '../upload/20141128/20141128111964856485.doc', '2017年（下）教改立项发文', '2017-12-05 00:00:00');
INSERT INTO uml_open_course_db.dguterd2_decision (decId, address, title, time) VALUES (8, '../upload/20141128/20141128111938853885.doc', '2017年省级教改结题通知', '2017-12-05 00:00:00');
INSERT INTO uml_open_course_db.dguterd2_decision (decId, address, title, time) VALUES (9, '../upload/20141128/20141128111938853885.doc', '2018年（下）教改立项发文', '2017-12-05 00:00:00');
INSERT INTO uml_open_course_db.dguterd2_decision (decId, address, title, time) VALUES (10, '../upload/20141128/20141128111938853885.doc', '2018年教改结题发文', '2017-12-05 00:00:00');
INSERT INTO uml_open_course_db.dguterd2_decision (decId, address, title, time) VALUES (37, '../upload/20141128/2019-01-08-17-55-42.txt', 'asdfghjk', '2019-01-08-17:55:42');
create table dguterd2_uml
(
  erd2_id      int auto_increment
    primary key,
  erd2_title   varchar(50) not null,
  erd2_type    varchar(20) not null,
  erd2_date    date        not null,
  erd2_content longtext    not null,
  erd2_state   int         not null
)
  collate = utf8_unicode_520_ci;

INSERT INTO uml_open_course_db.dguterd2_uml (erd2_id, erd2_title, erd2_type, erd2_date, erd2_content, erd2_state) VALUES (3, '红外线', '改革立项', '2018-12-18', '<p>反反dasdsada<br/></p>', 1);
INSERT INTO uml_open_course_db.dguterd2_uml (erd2_id, erd2_title, erd2_type, erd2_date, erd2_content, erd2_state) VALUES (4, '紫外线', '应用', '2018-12-27', '<p style="text-align: center;"><span style="font-size: 20px;">哈哈哈哈哈哈哈哈哈哈哈哈哈哈哈哈哈哈哈</span><br/></p>', 0);
create table dguterd3_achievement
(
  achievement_id int auto_increment
    primary key,
  title          varchar(255) null,
  publish_time   date         null
)
  collate = utf8_unicode_520_ci;

INSERT INTO uml_open_course_db.dguterd3_achievement (achievement_id, title, publish_time) VALUES (2, '2012-2014年法学教师教改论文', '2017-05-03');
INSERT INTO uml_open_course_db.dguterd3_achievement (achievement_id, title, publish_time) VALUES (3, '2011-2013年法学教师教改论文', '2011-01-01');
INSERT INTO uml_open_course_db.dguterd3_achievement (achievement_id, title, publish_time) VALUES (4, '2', '2014-01-23');
INSERT INTO uml_open_course_db.dguterd3_achievement (achievement_id, title, publish_time) VALUES (5, '2015-2017年法学教师教改论文', '2017-01-01');
INSERT INTO uml_open_course_db.dguterd3_achievement (achievement_id, title, publish_time) VALUES (6, '6', '2019-01-17');
INSERT INTO uml_open_course_db.dguterd3_achievement (achievement_id, title, publish_time) VALUES (7, '大', '2019-01-19');
INSERT INTO uml_open_course_db.dguterd3_achievement (achievement_id, title, publish_time) VALUES (18, 'dsadasd', '2019-02-01');
INSERT INTO uml_open_course_db.dguterd3_achievement (achievement_id, title, publish_time) VALUES (19, 'cesji1', '2019-01-24');
create table dguterd3_achievementItem
(
  id             int auto_increment
    primary key,
  achievement_id int          not null,
  title          varchar(255) null,
  author         varchar(255) null,
  publish_time   date         null,
  publication    varchar(255) null comment '发表刊物',
  constraint dguterd3_achievementItem_ibfk_1
    foreign key (achievement_id) references dguterd3_achievement (achievement_id)
      on update cascade on delete cascade
)
  collate = utf8_unicode_520_ci;

create index achievement_id
  on dguterd3_achievementItem (achievement_id);

INSERT INTO uml_open_course_db.dguterd3_achievementItem (id, achievement_id, title, author, publish_time, publication) VALUES (4, 2, '互动性教学法在合同法学教学中的运用', '景春兰', '2012-04-15', '当代教育理论与实践');
INSERT INTO uml_open_course_db.dguterd3_achievementItem (id, achievement_id, title, author, publish_time, publication) VALUES (5, 2, '法学实践基地建设——校地合作研究', '徐波', '2013-04-16', '东莞理工学院学报');
INSERT INTO uml_open_course_db.dguterd3_achievementItem (id, achievement_id, title, author, publish_time, publication) VALUES (6, 2, '研讨式教学法在《物权法》课程教学中的应用', '刘兵红', '2014-06-25', '广西民族师范学院学报');
INSERT INTO uml_open_course_db.dguterd3_achievementItem (id, achievement_id, title, author, publish_time, publication) VALUES (7, 3, '关于饭堂问题', '后勤部', '2018-12-28', '1234');
INSERT INTO uml_open_course_db.dguterd3_achievementItem (id, achievement_id, title, author, publish_time, publication) VALUES (8, 4, '我是超威蓝猫', '超威蓝猫', '2018-12-28', '论文');
INSERT INTO uml_open_course_db.dguterd3_achievementItem (id, achievement_id, title, author, publish_time, publication) VALUES (9, 5, '论文1', '作者1', '2018-12-29', '刊物1');
INSERT INTO uml_open_course_db.dguterd3_achievementItem (id, achievement_id, title, author, publish_time, publication) VALUES (24, 18, 'dadasd', 'fdfdf', '2019-01-18', 'fsfdsfdsf');
INSERT INTO uml_open_course_db.dguterd3_achievementItem (id, achievement_id, title, author, publish_time, publication) VALUES (25, 19, 'tyttt', 'bb', '2019-01-17', 'fgdgdgdf');
create table dguterd3_uml
(
  erd3_id      int auto_increment
    primary key,
  erd3_title   varchar(50) not null,
  erd3_type    varchar(20) not null,
  erd3_date    date        not null,
  erd3_content longtext    not null,
  erd3_state   int         not null
)
  collate = utf8_unicode_520_ci;

INSERT INTO uml_open_course_db.dguterd3_uml (erd3_id, erd3_title, erd3_type, erd3_date, erd3_content, erd3_state) VALUES (5, '完了', '教学方式', '2018-12-18', '<p>发射点发射点发<br/></p>', 1);
create table dguterd4_reward
(
  rewardId          int auto_increment
    primary key,
  rewardTitle       varchar(255) null,
  rewardPublishTime datetime     null,
  rewardArticle     text         null,
  rewardState       int(255)     null,
  rewardType        varchar(255) null
)
  collate = utf8_unicode_520_ci;

INSERT INTO uml_open_course_db.dguterd4_reward (rewardId, rewardTitle, rewardPublishTime, rewardArticle, rewardState, rewardType) VALUES (1, '改革表彰', '2018-12-16 00:00:00', '<p>&nbsp; &nbsp; &nbsp; &nbsp; &nbsp; &nbsp; &nbsp; &nbsp; &nbsp; &nbsp;							<img src="http://www.dgut.edu.cn/dgut/tpxw//2018-12/06/1297477390944e2c8c1bd4269b59f075/images/3a2ca2f2b8d34ea99829991f6de84800.jpg"/>test1	<br/></p>', 1, '教学方式');
INSERT INTO uml_open_course_db.dguterd4_reward (rewardId, rewardTitle, rewardPublishTime, rewardArticle, rewardState, rewardType) VALUES (2, '奖励', '2018-12-16 00:00:00', '								<img src="http://www.dgut.edu.cn/dgut/tpxw//2018-11/26/205daa92fce4413cb3407bba06b147bb/images/c602d1e8f75541c9a28d34ec0253ecf1.png">test2<br>', 1, '教学体系');
INSERT INTO uml_open_course_db.dguterd4_reward (rewardId, rewardTitle, rewardPublishTime, rewardArticle, rewardState, rewardType) VALUES (3, '改革表彰2', '2018-12-16 00:00:00', '							<img src="http://www.dgut.edu.cn/dgut/ggyw//2018-11/15/6aba6d774c1e40459559e1cf9dabc9fb/images/004156f346914e859f9ee7bdc6d72c4e.jpg">test3<br>', 1, '教学体系');
INSERT INTO uml_open_course_db.dguterd4_reward (rewardId, rewardTitle, rewardPublishTime, rewardArticle, rewardState, rewardType) VALUES (4, '奖励2', '2018-12-16 00:00:00', '							<img src="http://www.dgut.edu.cn/dgut/xydt/201812/2077ab1958424a539f29f1614a66406d/images/f50da3ee90a349a7ae07a3752af86f03.png">test4<br>', 1, '教学体系');
INSERT INTO uml_open_course_db.dguterd4_reward (rewardId, rewardTitle, rewardPublishTime, rewardArticle, rewardState, rewardType) VALUES (6, '嗯嗯呃', '2019-01-16 00:00:00', '<p>大叔大婶收到是多少多少</p>', 1, '教学方式');
create table dguterd4_uml
(
  erd4_id      int auto_increment
    primary key,
  erd4_title   varchar(50) not null,
  erd4_type    varchar(20) not null,
  erd4_date    date        not null,
  erd4_content longtext    not null,
  erd4_state   int         not null
)
  collate = utf8_unicode_520_ci;

INSERT INTO uml_open_course_db.dguterd4_uml (erd4_id, erd4_title, erd4_type, erd4_date, erd4_content, erd4_state) VALUES (4, '林总', '教学手段', '2018-12-20', '<p>发顺丰大苏打<br/></p>', 1);
create table expert_evaluation
(
  id      varchar(50) not null
    primary key,
  title   varchar(50) not null,
  type    varchar(20) not null,
  content text        null,
  time    timestamp   null
)
  charset = utf8;

INSERT INTO uml_open_course_db.expert_evaluation (id, title, type, content, time) VALUES ('317e86ad-b9a8-4450-9a27-2bbd20b02bfb', '评价1321', '2', '<p>对老师评价123123</p><p><strong>Unified Modeling Language (UML)
</strong>又称统一建模语言或标准建模语言，是始于1997年一个OMG标准，它是一个支持模型化和软件系统开发的图形化语言，为软件开发的所有阶段
提供模型化和可视化支持，包括由需求分析到规格，到构造和配置。 面向对象的分析与设计(OOA&amp;D，OOAD)方法的发展在80年代末至90年代中出现了
一个高潮，UML是这个高潮的产物。它不仅统一了Booch、Rumbaugh和Jacobson的表示方法，而且对其作了进一步的发展，并最终统一为大众所接受的标准建模语言。</p><p>Grady
 Booch的描述对象集合和它们之间的关系的方法。James Rumbaugh的对象建模技术（OMT）
。Ivar 
Jacobson的包括用例方法的方式。还有其他一些想法也对UML起到了作用，UML是Booch, Rumbaugh, 
Jacobson。UML已经被对象管理组织（
OMG）接受为标准，这个组织还制定了通用对象请求代理体系结构（CORBA），是分布式对象编程行业的领头羊。计算机辅助软件工程（CASE）产品的供应商也支持UML，并且它基本上已经被所有的软件开发产品制造商所认可，这其中包括IBM和微软(用于它的VB环境)。</p><p>UML规范用来描述建模的概念有，类（对象的）
、对象、关联、职责、行为、接口、用例、包、顺序、协作，以及状态。</p><p><br/></p>', '2018-12-25 19:12:00');
INSERT INTO uml_open_course_db.expert_evaluation (id, title, type, content, time) VALUES ('56a167aa-a73c-43bc-a1e7-44620a00b6e6', '2019-01-09', '2', '2019-01-09侯爱民验收系统', '2019-01-09 20:01:00');
INSERT INTO uml_open_course_db.expert_evaluation (id, title, type, content, time) VALUES ('67eeec99-fe5a-486c-84ff-4e286f3881fb', '校外专家评价1', '2', '<p>123权威<br/></p>', '2018-12-25 14:12:00');
INSERT INTO uml_open_course_db.expert_evaluation (id, title, type, content, time) VALUES ('73fd9a71-5df3-4228-a7c2-4a3243e5aef8', '校内专家评价', '1', '<p>校内督导评价123</p><p>校内督导评价123</p>', '2018-12-27 21:12:00');
INSERT INTO uml_open_course_db.expert_evaluation (id, title, type, content, time) VALUES ('76bf87ab-6e11-4021-a35c-cb74babef193', '校内专家评价123', '1', '<p>校内督导评价</p><p>校内督导评价</p>', '2018-12-27 21:12:00');
INSERT INTO uml_open_course_db.expert_evaluation (id, title, type, content, time) VALUES ('ee9c6ac7-8d1d-456e-800f-e5c957212fa7', '2019-01-09', '1', '2019-01-09侯爱民验收系统--1', '2019-01-09 20:01:00');
create table history
(
  id     bigint auto_increment
    primary key,
  detail text        not null,
  date   varchar(64) null
)
  charset = utf8;

INSERT INTO uml_open_course_db.history (id, detail, date) VALUES (7, '<p><b><font><span style="color: rgb(0, 0, 0);">2006-2007</span><span style="color: rgb(0, 0, 0);">                           						</span></font></b><span style="color: rgb(0, 0, 0);"><b><font>学年</font></b>，软件学院，软件工程专业普通班1-2班,</span><span style="color: rgb(0, 0, 0);">                           						</span><span style="color: rgb(0, 0, 0);"><b>《面向对象分析与设计(UML)》<font>,张洁。</font></b></span><br></p>', '2018-12-25 12:37:27');
INSERT INTO uml_open_course_db.history (id, detail, date) VALUES (8, '<p><b><font><span style="color: rgb(0, 0, 0);">2007-2008</span><span style="color: rgb(0, 0, 0);">                           						</span><span style="color: rgb(0, 0, 0);">学年</span><span style="color: rgb(0, 0, 0);">                           						</span><span style="color: rgb(0, 0, 0);">2009-2010</span><span style="color: rgb(0, 0, 0);">                           						</span></font></b><span style="color: rgb(0, 0, 0);"><b><font>学年</font></b>，软件学院，软件工程专业普通班1-2班，</span><span style="color: rgb(0, 0, 0);">                           						</span><span style="color: rgb(0, 0, 0);"><b><font>《面向对象分析与设计(UML)》,侯爱民</font></b>。</span><br></p>', '2018-12-25 00:53:16');
INSERT INTO uml_open_course_db.history (id, detail, date) VALUES (9, '<p><b><font><span style="color: rgb(0, 0, 0);">2010-2011</span><span style="color: rgb(0, 0, 0);">                           						</span><span style="color: rgb(0, 0, 0);">学年</span><span style="color: rgb(0, 0, 0);">                           						</span><span style="color: rgb(0, 0, 0);">2011-2012</span><span style="color: rgb(0, 0, 0);">                           						</span></font></b><span style="color: rgb(0, 0, 0);"><b><font>学年</font></b>，计算机学院，软件工程专业普通班1-2班，</span><span style="color: rgb(0, 0, 0);">                           						</span><span style="color: rgb(0, 0, 0);"><b><font>《面向对象分析与设计(UML)》,侯爱民</font></b></span><br></p>', '2018-12-25 00:53:44');
INSERT INTO uml_open_course_db.history (id, detail, date) VALUES (10, '<p><b><font><span style="color: rgb(0, 0, 0);">2012-2013</span><span style="color: rgb(0, 0, 0);">                           						</span><span style="color: rgb(0, 0, 0);">学年</span><span style="color: rgb(0, 0, 0);">                           						</span><span style="color: rgb(0, 0, 0);">2013-2014</span><span style="color: rgb(0, 0, 0);">                           						</span></font></b><span style="color: rgb(0, 0, 0);"><b><font>学年</font></b>，计算机学院，软件工程专业卓越班1-2班，普通班1-2班，</span><span style="color: rgb(0, 0, 0);">                           						</span><span style="color: rgb(0, 0, 0);"><b><font>《面向对象分析与设计(UML)》,侯爱民</font></b></span><br></p>', '2018-12-25 00:54:11');
INSERT INTO uml_open_course_db.history (id, detail, date) VALUES (11, '<p><b><font><span style="color: rgb(0, 0, 0);">2014-2015</span><span style="color: rgb(0, 0, 0);">                           						</span><span style="color: rgb(0, 0, 0);">学年</span><span style="color: rgb(0, 0, 0);">                           						</span><span style="color: rgb(0, 0, 0);">2017-2018</span><span style="color: rgb(0, 0, 0);">                           						</span></font></b><span style="color: rgb(0, 0, 0);"><b><font>学年</font></b>，计算机与网络安全学院，软件工程专业卓越班1-2班，普通班1-4班</span><span style="color: rgb(0, 0, 0);"><b><font>《面向对象分析与设计(UML)》,侯爱民</font></b></span><br></p>', '2018-12-27 01:27:38');
INSERT INTO uml_open_course_db.history (id, detail, date) VALUES (12, '<p><b><font><span style="color: rgb(0, 0, 0);">2018-2019</span><span style="color: rgb(0, 0, 0);">                           						</span></font></b><span style="color: rgb(0, 0, 0);"><b><font>学年</font></b>，计算机与网络安全学院，软件工程专业卓越班1-2班，普通班1-4班，</span><span style="color: rgb(0, 0, 0);">                           						</span><span style="color: rgb(0, 0, 0);"><b><font>《面向对象分析与设计(UML)》,侯爱民，周鹏</font></b></span><br></p>', '2018-12-25 00:55:09');
INSERT INTO uml_open_course_db.history (id, detail, date) VALUES (14, '<p><b><font><span style="color: rgb(0, 0, 0);">2018-2019</span><span style="color: rgb(0, 0, 0);">                           						</span></font></b><span style="color: rgb(0, 0, 0);"><b><font>学年</font></b>，计算机与网络安全学院，计算机科学与技术专业普通班1-6班，</span><span style="color: rgb(0, 0, 0);">                           						</span><span style="color: rgb(0, 0, 0);"><b><font>《面向对象分析与设计(UML)》,侯爱民，何文斌</font></b></span><br></p>', '2018-12-25 00:56:07');
INSERT INTO uml_open_course_db.history (id, detail, date) VALUES (36, '<p><b><font><span style="color: rgb(0, 0, 0);">2006-2007</span><span style="color: rgb(0, 0, 0);">                           ', '2018-12-25 00:56:07');
INSERT INTO uml_open_course_db.history (id, detail, date) VALUES (40, '<p>111111111</p>', '2019-01-07 14:27:54');
INSERT INTO uml_open_course_db.history (id, detail, date) VALUES (41, '<p>22222223</p>', '2019-01-07 15:45:13');
create table leave_msg
(
  leaveMsgId      int auto_increment
    primary key,
  leaveMsgContent text                                null,
  publishedTime   timestamp default CURRENT_TIMESTAMP not null on update CURRENT_TIMESTAMP,
  userId          int       default -1                not null
)
  charset = utf8;

INSERT INTO uml_open_course_db.leave_msg (leaveMsgId, leaveMsgContent, publishedTime, userId) VALUES (10, 'wdsdsds', '2019-01-08 09:58:43', -1);
INSERT INTO uml_open_course_db.leave_msg (leaveMsgId, leaveMsgContent, publishedTime, userId) VALUES (11, '2019-01-09', '2019-01-09 08:50:14', -1);
INSERT INTO uml_open_course_db.leave_msg (leaveMsgId, leaveMsgContent, publishedTime, userId) VALUES (12, 'aaa', '2019-01-09 09:15:08', -1);
create table online_evalator
(
  evalator_id         varchar(50)                       not null
    primary key,
  course_teacher_name varchar(20)                       null,
  course_time         varchar(30)                       null,
  course_name         varchar(30)                       null,
  course_property     enum ('专业课', '任选课', '必修课')        null,
  course_grade        double                            null,
  course_level        enum ('差', '较差', '一般', '良', '优秀') null
)
  charset = utf8;

INSERT INTO uml_open_course_db.online_evalator (evalator_id, course_teacher_name, course_time, course_name, course_property, course_grade, course_level) VALUES ('001a4ab5114d4622bf01317f7277f33f', 'hou aimin', '2019-01-09', 'uml', '专业课', 80, '优秀');
INSERT INTO uml_open_course_db.online_evalator (evalator_id, course_teacher_name, course_time, course_name, course_property, course_grade, course_level) VALUES ('5', '侯爱民', '2015——2016第二学期', '面向对象分析与设计', '必修课', 93.47, '优秀');
INSERT INTO uml_open_course_db.online_evalator (evalator_id, course_teacher_name, course_time, course_name, course_property, course_grade, course_level) VALUES ('c850c77678bb48478fedeb1587bcb636', '啊', '2016-6-6', '软件开发', '专业课', 100, '优秀');
create table open_course_plan
(
  id       int auto_increment
    primary key,
  term     int          null,
  filePath varchar(255) null
)
  charset = utf8;

INSERT INTO uml_open_course_db.open_course_plan (id, term, filePath) VALUES (26, 201920202, 'resource/open_course_plan_files/2019-2020年度 第二学期.pdf');
INSERT INTO uml_open_course_db.open_course_plan (id, term, filePath) VALUES (27, 201920201, 'resource/open_course_plan_files/2019-2020年度 第一学期.pdf');
INSERT INTO uml_open_course_db.open_course_plan (id, term, filePath) VALUES (28, 201820192, 'resource/open_course_plan_files/2018-2019年度 第二学期.pdf');
create table qqgroup
(
  QRcode    varchar(225)           not null,
  idkey     text                   null,
  groupid   varchar(20) default '' not null
    primary key,
  groupName varchar(20)            null,
  enable    varchar(8)             not null
)
  charset = utf8;

INSERT INTO uml_open_course_db.qqgroup (QRcode, idkey, groupid, groupName, enable) VALUES ('../images/interaction/qq.png', '', '123456', '123456', 'false');
INSERT INTO uml_open_course_db.qqgroup (QRcode, idkey, groupid, groupName, enable) VALUES ('../images/interaction/qq.png', '<a target="_blank" href="//shang.qq.com/wpa/qunwpa?idkey=a005cadb2d83e0f4d2e119dccdd62c0d9f02600600b0be0bbfd766e9e4716d95"><img border="0" src="//pub.idqqimg.com/wpa/images/group.png" alt="UML群聊" title="UML群聊"></a>', '964596250', 'uml群聊', 'true');
create table resource
(
  id      int(11) unsigned auto_increment comment 'ID'
    primary key,
  resName varchar(255)                        not null comment '名称',
  resTime timestamp default CURRENT_TIMESTAMP not null comment '上传时间',
  resPath varchar(255)                        not null comment '上传路径',
  resType varchar(255)                        not null comment '资源类型',
  isCheck varchar(255)                        not null comment '发布状态'
)
  charset = utf8;

INSERT INTO uml_open_course_db.resource (id, resName, resTime, resPath, resType, isCheck) VALUES (287, 'ceshi.pdf', '2019-01-09 08:47:56', '/resource/1/ceshi.pdf', '1', '1');
INSERT INTO uml_open_course_db.resource (id, resName, resTime, resPath, resType, isCheck) VALUES (288, 'ssss.pdf', '2019-01-09 08:50:55', '/resource/3/ssss.pdf', '3', '1');
INSERT INTO uml_open_course_db.resource (id, resName, resTime, resPath, resType, isCheck) VALUES (290, 'www.pdf', '2019-01-09 08:53:48', '/resource/5/www.pdf', '5', '1');
INSERT INTO uml_open_course_db.resource (id, resName, resTime, resPath, resType, isCheck) VALUES (291, 'qqq.pdf', '2019-01-09 08:54:02', '/resource/4/qqq.pdf', '4', '1');
INSERT INTO uml_open_course_db.resource (id, resName, resTime, resPath, resType, isCheck) VALUES (292, '2019-01-09.pdf', '2019-01-09 11:43:33', '/resource/1/2019-01-09.pdf', '1', '1');
INSERT INTO uml_open_course_db.resource (id, resName, resTime, resPath, resType, isCheck) VALUES (293, '2019-01-09.pdf', '2019-01-09 11:46:14', '/resource/3/2019-01-09.pdf', '3', '1');
INSERT INTO uml_open_course_db.resource (id, resName, resTime, resPath, resType, isCheck) VALUES (294, '2019-01-09.pdf', '2019-01-09 11:46:41', '/resource/4/2019-01-09.pdf', '4', '1');
INSERT INTO uml_open_course_db.resource (id, resName, resTime, resPath, resType, isCheck) VALUES (295, '2019-01-09.pdf', '2019-01-09 11:47:01', '/resource/5/2019-01-09.pdf', '5', '1');
INSERT INTO uml_open_course_db.resource (id, resName, resTime, resPath, resType, isCheck) VALUES (296, 'uml--1.1.mp4', '2019-01-09 11:58:19', '/resource/2/uml--1.1.mp4', '2', '1');
INSERT INTO uml_open_course_db.resource (id, resName, resTime, resPath, resType, isCheck) VALUES (298, 'uml--1.2.mp4', '2019-01-09 12:10:08', '/resource/2/uml--1.2.mp4', '2', '1');
create table resources
(
  id          int auto_increment
    primary key,
  uuidname    varchar(255)                        null,
  realname    varchar(255)                        null,
  savepath    varchar(255)                        null,
  timestamp   timestamp default CURRENT_TIMESTAMP not null on update CURRENT_TIMESTAMP,
  description varchar(255)                        null
)
  collate = utf8mb4_bin;

INSERT INTO uml_open_course_db.resources (id, uuidname, realname, savepath, timestamp, description) VALUES (27, '2d3a2b1b-0b5b-48da-987f-f75b866bbf2d.pdf', '《软件需求分析与设计》综合实践.pdf', 'D:\\myPRJ\\java eee\\.metadata\\.plugins\\org.eclipse.wst.server.core\\tmp1\\wtpwebapps\\DearHouAimin\\WEB-INF\\upload/14/1', '2019-01-09 13:22:31', 'test');
INSERT INTO uml_open_course_db.resources (id, uuidname, realname, savepath, timestamp, description) VALUES (28, 'b4e9cfbe-6dce-4e8f-b0bd-61d876c447f3.pdf', '_resource_1_ceshi.pdf', 'D:\\myPRJ\\java eee\\.metadata\\.plugins\\org.eclipse.wst.server.core\\tmp1\\wtpwebapps\\DearHouAiminF\\WEB-INF\\upload/6/11', '2019-01-09 13:22:42', 'homework');
INSERT INTO uml_open_course_db.resources (id, uuidname, realname, savepath, timestamp, description) VALUES (30, 'f15c1414-2645-4568-a179-e6431903122d.pdf', '2019-01-09侯爱民验收系统.pdf', 'D:\\myPRJ\\eclipse\\.metadata\\.plugins\\org.eclipse.wst.server.core\\tmp0\\wtpwebapps\\DearHouAimin\\WEB-INF\\upload/3/7', '2019-01-09 13:23:00', 'uml-test');
create table social_evalution
(
  evalutionId    int auto_increment
    primary key,
  evalutionTitle varchar(100) null,
  content        text         null,
  evalutionTime  varchar(20)  null,
  status         tinyint(2)   null
)
  collate = utf8_esperanto_ci;

INSERT INTO uml_open_course_db.social_evalution (evalutionId, evalutionTitle, content, evalutionTime, status) VALUES (1, '海王：提前两周的失望', '<p><span style="font-size: 1px;">昨天晚上看完海王全球首发，我是一脸懵逼的，从Batman begin开始看了所有DC漫威的电影首映的我 其震撼程度仅仅次于绿灯侠，当然，是不好的震撼。期待了整整大半年的我感觉吃了慢慢一口热翔，失望二字不足以描述我当时观影的心情，看完以后我脑海里没有回想任何一处电影的画面，闪过的全是当年绿灯侠回忆。是的，我对海王的感觉，是和绿灯侠一档的，但绝对比绿灯侠要好一点，毕竟是领先了八年的CG技术，还有温子仁导演动作场面的调度还是很棒的，但是在剧情走向，世界观的塑造，人物的塑造 还有其想要探讨和表达的信息，都是幼稚园级别的 再上豆瓣再看看别人的评价我的下巴简直掉到了亚特兰蒂斯深海里 普遍的评价是 爽 牛逼 DC崛起了 DCEU最好的电影 让我再也沉不住气 也想来说一说这海王到底烂在哪里。</span><br></p>', '2018-12-26 18:34:49', 1);
INSERT INTO uml_open_course_db.social_evalution (evalutionId, evalutionTitle, content, evalutionTime, status) VALUES (2, '海王分析', '<p><span style="font-size: 1px;">在进入具体分析海王这部电影之前，我想先说明一下，我不是漫威粉，我只是一个爱看电影，特别爱看超级英雄电影的影迷。我从电影认识的美漫，甚至从诺兰的黑暗骑士三部曲开始，我更喜欢DC的世界观。因为相比漫威贴近与现实生活，DC塑造了一个新的世界，这就是人们所说的史诗感 我对别人对DC电影评价为暗黑风一直不置可否，DC的电影只是更有深度，更想探讨一下更深层次的东西 这是DC本身漫画风格的一种延续，而诺兰的黑暗骑士三部曲，和扎导的守望者很好的保留了这种传统，并完成了这四部到目前为止我依然认为是最好的四部超级英雄电影。接下来漫威和DC分别开启了MCU和DCEU，完完全全改变了超级英雄电影的拍摄方式和评价标准。我们现在先回到海王这部电影。</span></p>', '2018-12-26 18:44:05', 0);
INSERT INTO uml_open_course_db.social_evalution (evalutionId, evalutionTitle, content, evalutionTime, status) VALUES (3, '《海王》隐藏彩蛋与漫画关联终极分析', '<p><span style="font-size: 1px;">主世界的海王（亚瑟·库瑞）初次登场于1956年《冒险漫画》（Adventure Comics）第229期。由灯塔看守人汤姆·库瑞和亚特兰娜所生，由于母亲的亚特兰蒂斯血统，亚瑟从小就有在水中呼吸和与海洋生物交流等能力。在父亲的教导下，亚瑟决定成为海洋的守护者，并改用“海王”（Aquaman）这个称号。</span><br></p>', '2018-12-26 18:44:35', 1);
INSERT INTO uml_open_course_db.social_evalution (evalutionId, evalutionTitle, content, evalutionTime, status) VALUES (4, '起源', '<p><span style="font-size: 1px;">海王的起源还有其它不同的版本，比如在无限地球危机事件后的Aquaman Special（1989）中，海王为巫师亚特兰（不是国王）与女王亚特兰娜所生，因其天生的金发而被迷信的亚特兰蒂斯人视为不祥（实为国王喜当爹），被抛弃在礁石上，后来遇到灯塔看守人汤姆·库瑞并被其收养。</span><br></p><p><span style="font-size: 1px;">版权归作者所有，任何形式转载请联系作者。</span></p><p><span style="font-size: 1px;">作者：彩蛋君KL（来自豆瓣）</span></p><p><span style="font-size: 1px;">来源：<a href="https://movie.douban.com/review/9805850/" rel="nofollow">https://movie.douban.com/review/9805850/</a></span></p>', '2018-12-26 18:45:03', 0);
INSERT INTO uml_open_course_db.social_evalution (evalutionId, evalutionTitle, content, evalutionTime, status) VALUES (5, '海王起源', '<p><span style="font-size: 1px;">版权归作者所有，任何形式转载请联系作者。</span></p><p><span style="font-size: 1px;">作者：彩蛋君KL（来自豆瓣）</span></p><p><span style="font-size: 1px;">来源：<a href="https://movie.douban.com/review/9805850/" rel="nofollow">https://movie.douban.com/review/9805850/</a></span></p><p><span style="font-size: 1px;">海王是美国正义联盟（JLA）的创始人之一，与超人、蝙蝠侠、神奇女侠、闪电侠、绿灯侠和火星猎人并称为正义联盟“七巨头”。历史上正义联盟经历过多次成员重组，海王是联盟中地位相对巩固的一员，更一度当上联盟的主席。</span></p>', '2018-12-26 18:45:34', 0);
INSERT INTO uml_open_course_db.social_evalution (evalutionId, evalutionTitle, content, evalutionTime, status) VALUES (6, '只要能和鱼说话，走遍天下都不怕', '<p><span style="font-size: 1px;">版权归作者所有，任何形式转载请联系作者。</span></p><p><span style="font-size: 1px;">作者：凌睿（来自豆瓣）</span></p><p><span style="font-size: 1px;">来源：<a href="https://movie.douban.com/review/9805020/" rel="nofollow">https://movie.douban.com/review/9805020/</a></span></p><p><span style="font-size: 1px;"><br></span><br></p><p><span style="font-size: 1px;"><br></span><br></p><p><span style="font-size: 1px;">江湖上流传着这样一个传说：长得像徐锦江的男孩，运气都不会太差。</span></p><p><span style="font-size: 1px;"><br></span><br></p><p><span style="font-size: 1px;">而我们的主人公就是这样一个人。</span></p><p><span style="font-size: 1px;"><br></span><br></p><p><span style="font-size: 1px;">他，是一个长得很像徐锦江的超级英雄。他是个大胡子，不喜欢穿衣服。他肌肉发达，刀枪不入。</span></p><p><span style="font-size: 1px;"><br></span><br></p><p><span style="font-size: 1px;">他是王后的儿子，不过他的国王路并不顺畅，因为他的弟弟总是跟他争夺王位。他的弟弟仇恨人类，但是颜值很高，所以仍然圈粉无数。</span></p><p><span style="font-size: 1px;"><br></span><br></p><p><span style="font-size: 1px;">他还有个强大兵器，谁都拿不走只有他能拿走。</span></p><p><span style="font-size: 1px;"><br></span><br></p><p><span style="font-size: 1px;">没错，他就是雷神。</span></p>', '2018-12-26 18:46:03', 0);
INSERT INTO uml_open_course_db.social_evalution (evalutionId, evalutionTitle, content, evalutionTime, status) VALUES (7, 'asd', 'test', '2019-01-09 13:10:04', 1);
create table student_score
(
  StudentNo   varchar(12) not null,
  StudentName varchar(15) null,
  major       varchar(20) null,
  ClassName   varchar(50) null,
  course      varchar(30) null,
  score       double      null
)
  collate = utf8_unicode_520_ci;

INSERT INTO uml_open_course_db.student_score (StudentNo, StudentName, major, ClassName, course, score) VALUES ('1297123', 'zyr', '网络工程', '16软件工程', 'UML', 100);
INSERT INTO uml_open_course_db.student_score (StudentNo, StudentName, major, ClassName, course, score) VALUES ('201601', '刘开创', '网络工程', '16软卓一班', 'UML', 88);
INSERT INTO uml_open_course_db.student_score (StudentNo, StudentName, major, ClassName, course, score) VALUES ('201618421', '郑永荣', '网络工程', '16软卓一班', 'UML', 100);
INSERT INTO uml_open_course_db.student_score (StudentNo, StudentName, major, ClassName, course, score) VALUES ('201641401', '2', 'wlgc', '16软件工程', '软件', 88);
INSERT INTO uml_open_course_db.student_score (StudentNo, StudentName, major, ClassName, course, score) VALUES ('201641420511', '胡歌', '软件工程', '16软卓一班', 'uML', 99);
INSERT INTO uml_open_course_db.student_score (StudentNo, StudentName, major, ClassName, course, score) VALUES ('2016418123', '李珊珊', '计算机', '15计算机科学与技术', 'UML', null);
INSERT INTO uml_open_course_db.student_score (StudentNo, StudentName, major, ClassName, course, score) VALUES ('201678', 'zyr', '网络工程', '16软卓一班', '软件', 55);
INSERT INTO uml_open_course_db.student_score (StudentNo, StudentName, major, ClassName, course, score) VALUES ('12312', 'zyr', '网络工程', '16软卓一班', 'UML', 56);
INSERT INTO uml_open_course_db.student_score (StudentNo, StudentName, major, ClassName, course, score) VALUES ('33', 'zyr', '软件工程', '16软卓一班', '软件', 88);
INSERT INTO uml_open_course_db.student_score (StudentNo, StudentName, major, ClassName, course, score) VALUES ('12311', 'zyr', '网络工程', '16软件工程', '软件', 100);
INSERT INTO uml_open_course_db.student_score (StudentNo, StudentName, major, ClassName, course, score) VALUES ('68757', 'zyr', '网络工程', '16软件工程', '行政管理', 77);
INSERT INTO uml_open_course_db.student_score (StudentNo, StudentName, major, ClassName, course, score) VALUES ('1231', 'zyr', 'wlgc', '16软件工程', 'UML', 90);
INSERT INTO uml_open_course_db.student_score (StudentNo, StudentName, major, ClassName, course, score) VALUES ('201641404201', '方静竹', '行政管理', '2018行政管理', '体育', 100);
INSERT INTO uml_open_course_db.student_score (StudentNo, StudentName, major, ClassName, course, score) VALUES ('201641404444', 'kkkkk', 'software', 'software', 'UML', 100);
INSERT INTO uml_open_course_db.student_score (StudentNo, StudentName, major, ClassName, course, score) VALUES ('201841404101', 'hou aimin', '软工', '01', 'uml', 89);
create table t_calendar
(
  cid        bigint auto_increment
    primary key,
  cname      varchar(255)                        null,
  pdfUrl     varchar(255)                        null,
  createtime timestamp default CURRENT_TIMESTAMP not null on update CURRENT_TIMESTAMP,
  used       int(10)   default 0                 null
)
  charset = utf8;

INSERT INTO uml_open_course_db.t_calendar (cid, cname, pdfUrl, createtime, used) VALUES (1, '教学日历', '/resource/教学日历.pdf', '2019-01-09 12:55:37', 1);
INSERT INTO uml_open_course_db.t_calendar (cid, cname, pdfUrl, createtime, used) VALUES (4, '教学日历2', 'resource/面向对象分析与设计--课程简介73.pdf', '2019-01-09 11:36:35', 0);
INSERT INTO uml_open_course_db.t_calendar (cid, cname, pdfUrl, createtime, used) VALUES (5, '2019-01-09', 'resource/2019-01-09侯爱民验收系统6.pdf', '2019-01-09 12:56:22', 0);
create table teacherTeam
(
  id              int auto_increment
    primary key,
  teacher_name    varchar(20)   null,
  teacher_message varchar(2000) null,
  isLecturer      int default 0 null
)
  collate = utf8_unicode_ci;

INSERT INTO uml_open_course_db.teacherTeam (id, teacher_name, teacher_message, isLecturer) VALUES (1, '侯爱民', '<p><span style="color: rgb(68, 68, 68); font-family: &quot;Times New Roman&quot;; font-size: 14px; text-align: justify; background-color: rgb(255, 255, 255);">侯爱民，男，976年3月出生。籍贯江西南昌。东莞理工学院计算机科学与技术学院讲师。研究生学历，博士学位。</span><br/><span style="color: rgb(68, 68, 68); font-family: &quot;Times New Roman&quot;; font-size: 14px; text-align: justify; background-color: rgb(255, 255, 255);">&nbsp;&nbsp;&nbsp;&nbsp;&nbsp;&nbsp;&nbsp;从2017-2018学年第1学期开始，至2018-2019学年第1学期止，总共为2届的学生讲授《UML面向对象分析与设计》课程。累计学生人数200，累计学时120。11</span></p>', 1);
INSERT INTO uml_open_course_db.teacherTeam (id, teacher_name, teacher_message, isLecturer) VALUES (2, ' 周鹏', '<p>周鹏123，男，1976年3月出生。籍贯湖南长沙。东莞理工学院计算机科学与技术学院讲师。研究生学历，博士学位。 &nbsp; &nbsp; &nbsp; &nbsp;从2017-2018学年第1学期开始，至2018-2019学年第1学期止，总共为2届的学生讲授《面向对象分析与设计(UML)》、《软件需求分析与设计》课程。累计学生人数200，累计学时120。afafda</p>', 1);
INSERT INTO uml_open_course_db.teacherTeam (id, teacher_name, teacher_message, isLecturer) VALUES (3, '何文斌', '<p>何文斌，男，976年3月出生。籍贯湖南长沙。东莞理工学院计算机科学与技术学院讲师。研究生学历，博士学位。 &nbsp; &nbsp; &nbsp; &nbsp;从2017-2018学年第1学期开始，至2018-2019学年第1学期止，总共为2届的学生讲授《UML面向对象分析与设计》课程。累计学生人数200，累计学时120。&nbsp; &nbsp; &nbsp;456</p>', 1);
INSERT INTO uml_open_course_db.teacherTeam (id, teacher_name, teacher_message, isLecturer) VALUES (9, '胡传福', '<p><span style="color: rgb(68, 68, 68); font-family: &quot;Times New Roman&quot;; font-size: 14px; text-align: justify; background-color: rgb(255, 255, 255);"><span style="color: rgb(68, 68, 68); font-family: &quot;Times New Roman&quot;; font-size: 14px; text-align: justify; background-color: rgb(255, 255, 255);">11胡传福，男，976年3月出生。籍贯湖南长沙。东莞理工学院计算机科学与技术学院讲师。研究生学历，博士学位。</span><span style="color: rgb(68, 68, 68); font-family: &quot;Times New Roman&quot;; font-size: 14px; text-align: justify; background-color: rgb(255, 255, 255);">从2017-2018学年第1学期开始，至2018-2019学年第1学期止，总共为2届的学生讲授《UML面向对象分析与设计》课程。累计学生人数200，累计学时120。11</span></span></p>', 1);
INSERT INTO uml_open_course_db.teacherTeam (id, teacher_name, teacher_message, isLecturer) VALUES (10, '欧阳骥', '<p><span style="color: rgb(68, 68, 68); font-family: &quot;Times New Roman&quot;; font-size: 14px; text-align: justify; background-color: rgb(255, 255, 255);">欧阳骥，男，976年3月出生。籍贯湖南长沙。东莞理工学院计算机科学与技术学院讲师。研究生学历，博士学位。</span><br/><span style="color: rgb(68, 68, 68); font-family: &quot;Times New Roman&quot;; font-size: 14px; text-align: justify; background-color: rgb(255, 255, 255);">&nbsp;&nbsp;&nbsp;&nbsp;&nbsp;&nbsp;&nbsp;从2017-2018学年第1学期开始，至2018-2019学年第1学期止，总共为2届的学生讲授《UML面向对象分析与设计》课程。累计学生人数200，累计学时120。456</span></p>', 0);
INSERT INTO uml_open_course_db.teacherTeam (id, teacher_name, teacher_message, isLecturer) VALUES (21, '张喜伟', '<p>123456789456798756456444455555555555555555555555</p>', 0);
INSERT INTO uml_open_course_db.teacherTeam (id, teacher_name, teacher_message, isLecturer) VALUES (22, '2015软件工程', '<p>adfadfas</p>', 1);
INSERT INTO uml_open_course_db.teacherTeam (id, teacher_name, teacher_message, isLecturer) VALUES (23, 'hajfdaslkf', '<p>asfdasfdsaf</p>', 0);
INSERT INTO uml_open_course_db.teacherTeam (id, teacher_name, teacher_message, isLecturer) VALUES (24, 'zhang', '<p>nv</p>', 1);
create table teacher_evalution
(
  evalutionId    int(10) auto_increment comment '教师评价id'
    primary key,
  evalutionTitle tinytext    not null comment '教师评价标题',
  teacherName    varchar(20) not null comment '教师姓名',
  content        text        not null comment '教师评价内容',
  evalutionTime  varchar(20) null comment '评价时间',
  status         int(10)     null comment '审核状态'
)
  charset = utf8;

INSERT INTO uml_open_course_db.teacher_evalution (evalutionId, evalutionTitle, teacherName, content, evalutionTime, status) VALUES (1, '1', '2', '<p>3</p>', '2018-12-25 13:21:18', 0);
INSERT INTO uml_open_course_db.teacher_evalution (evalutionId, evalutionTitle, teacherName, content, evalutionTime, status) VALUES (3, 'd', '地方', '<p>大</p>', '2018-12-25 15:14:30', 1);
INSERT INTO uml_open_course_db.teacher_evalution (evalutionId, evalutionTitle, teacherName, content, evalutionTime, status) VALUES (4, '对小明老师上课特点的评价', '小明老师', '<p><a href="http://sports.qq.com/a/20181225/010930.htm" target="_blank">欧联杯冠军主帅执教申花 吴金贵任体育总监</a></p><p><a href="https://sports.qq.com/a/20181225/011870.htm" target="_blank">揭秘申花新帅：号称杯赛之王 执教履历多高开低走</a></p><p><a href="https://sports.qq.com/a/20181225/011642.htm" target="_blank">申花换帅像是一个问号 “青春风暴”会夭折么？</a></p><p><a href="https://sports.qq.com/a/20181225/011695.htm" target="_blank">19赛季中超仅剩3土帅 李霄鹏李铁如何捍卫尊严</a></p><p><a href="http://sports.qq.com/a/20181226/000805.htm" target="_blank">他要终结梅罗时代！足坛身价第1人 姆巴佩的天选人生</a></p><p><a href="http://view.inews.qq.com/a/20181226A0BNEO00" target="_blank">女排17岁小将初生牛犊不怕虎 蔡斌又挖掘出一颗新星</a></p>', '2018-12-26 17:50:48', 0);
INSERT INTO uml_open_course_db.teacher_evalution (evalutionId, evalutionTitle, teacherName, content, evalutionTime, status) VALUES (5, '对小明老师上课特点的评价', '小明老师', '<p><a href="http://sports.qq.com/a/20181225/010930.htm" target="_blank">欧联杯冠军主帅执教申花 吴金贵任体育总监</a></p><p><a href="https://sports.qq.com/a/20181225/011870.htm" target="_blank">揭秘申花新帅：号称杯赛之王 执教履历多高开低走</a></p><p><a href="https://sports.qq.com/a/20181225/011642.htm" target="_blank">申花换帅像是一个问号 “青春风暴”会夭折么？</a></p><p><a href="https://sports.qq.com/a/20181225/011695.htm" target="_blank">19赛季中超仅剩3土帅 李霄鹏李铁如何捍卫尊严</a></p><p><a href="http://sports.qq.com/a/20181226/000805.htm" target="_blank">他要终结梅罗时代！足坛身价第1人 姆巴佩的天选人生</a></p><p><a href="http://view.inews.qq.com/a/20181226A0BNEO00" target="_blank">女排17岁小将初生牛犊不怕虎 蔡斌又挖掘出一颗新星</a></p>', '2018-12-26 17:52:19', 0);
INSERT INTO uml_open_course_db.teacher_evalution (evalutionId, evalutionTitle, teacherName, content, evalutionTime, status) VALUES (6, '对小明老师上课特点的评价', '小明老师', '<p><a href="http://sports.qq.com/a/20181225/010930.htm" target="_blank">欧联杯冠军主帅执教申花 吴金贵任体育总监</a></p><p><a href="https://sports.qq.com/a/20181225/011870.htm" target="_blank">揭秘申花新帅：号称杯赛之王 执教履历多高开低走</a></p><p><a href="https://sports.qq.com/a/20181225/011642.htm" target="_blank">申花换帅像是一个问号 “青春风暴”会夭折么？</a></p><p><a href="https://sports.qq.com/a/20181225/011695.htm" target="_blank">19赛季中超仅剩3土帅 李霄鹏李铁如何捍卫尊严</a></p><p><a href="http://sports.qq.com/a/20181226/000805.htm" target="_blank">他要终结梅罗时代！足坛身价第1人 姆巴佩的天选人生</a></p><p><a href="http://view.inews.qq.com/a/20181226A0BNEO00" target="_blank">女排17岁小将初生牛犊不怕虎 蔡斌又挖掘出一颗新星</a></p>', '2018-12-26 17:53:00', 0);
INSERT INTO uml_open_course_db.teacher_evalution (evalutionId, evalutionTitle, teacherName, content, evalutionTime, status) VALUES (7, 'GitHub的发展史', '小康老师', '<p><span style="color: rgb(73, 73, 73); font-size: 13px;">海底世界戏份多到超出想象，这是一部主打海洋英雄的片应有的样子，一本满足。撒哈拉沙漠、西西里岛、海沟族追逐戏、地心藏海…奔波全球海洋奇观，上天入地，美不胜收。温子仁手下的DC，不再暗黑，情节跌宕又完整，正如他的恐怖片一样吸人，吸入深海底。亚特兰蒂斯与亚瑟的历史传说，完美融入超级英雄剧情，陆地之子抑或海洋之王，海王不止粗汉也有柔情，三叉戟秒变金箍棒，这不就是《西游记之大闹龙宫》？</span><br></p>', '2018-12-26 17:55:53', 0);
INSERT INTO uml_open_course_db.teacher_evalution (evalutionId, evalutionTitle, teacherName, content, evalutionTime, status) VALUES (8, 'git pull会把本地未提交修改覆盖', '东方不败', '<p><span style="color: rgb(36, 41, 46); font-size: 16px;">所有的Servlet继承这个BaseServlet，继承之后，不用像以前一样实现doget dopost等方法，只需要在里面实现你自己想要的方法即可， 在超链接里面想要调用servlet里面的方法时，像之前丽萍哥教的那样，超链接需要额外加一个method参数，参数的值就是你想要调用的方法名。 此外，servlet中自己定义的函数返回值都为String类型，返回值就是该方法调用完之后想要跳转的页面。</span><br></p>', '2018-12-28 09:22:59', 0);
INSERT INTO uml_open_course_db.teacher_evalution (evalutionId, evalutionTitle, teacherName, content, evalutionTime, status) VALUES (9, 'asd', 'asd', 'asdasd', '2019-01-08 18:05:18', 0);
INSERT INTO uml_open_course_db.teacher_evalution (evalutionId, evalutionTitle, teacherName, content, evalutionTime, status) VALUES (10, '2019-01-09', 'hou aimin', '2019-01-09侯爱民验收系统--2', '2019-01-09 20:24:14', 0);
create table teachfile
(
  id          int auto_increment
    primary key,
  uuidname    varchar(255)                        null,
  realname    varchar(255)                        null,
  savepath    varchar(255)                        null,
  timestamp   timestamp default CURRENT_TIMESTAMP not null on update CURRENT_TIMESTAMP,
  description varchar(255)                        null
)
  collate = utf8mb4_bin;

INSERT INTO uml_open_course_db.teachfile (id, uuidname, realname, savepath, timestamp, description) VALUES (16, '7a3f0c75-3967-41d0-84bb-0696d95db7f3.docx', '计算机与网络安全学院教师履历表-胡传福.docx', 'D:\\myPRJ\\java eee\\.metadata\\.plugins\\org.eclipse.wst.server.core\\tmp1\\wtpwebapps\\DearHouAimin\\WEB-INF\\uploadfile/3/4', '2019-01-08 08:47:43', 'test');
INSERT INTO uml_open_course_db.teachfile (id, uuidname, realname, savepath, timestamp, description) VALUES (17, '35ef833d-6ebc-429f-b06a-5cb922418f08.pdf', '2019-01-09侯爱民验收系统.pdf', 'D:\\myPRJ\\eclipse\\.metadata\\.plugins\\org.eclipse.wst.server.core\\tmp0\\wtpwebapps\\DearHouAimin\\WEB-INF\\uploadfile/3/7', '2019-01-09 12:30:41', '2019-01-09');
create table textbook
(
  id               int auto_increment
    primary key,
  academicYear     varchar(50)  not null,
  academy          varchar(30)  not null,
  book             varchar(50)  not null,
  author           varchar(15)  not null,
  press            varchar(30)  not null,
  pressInformation varchar(15)  not null,
  downloadlink     varchar(255) null,
  classmate        varchar(255) not null
)
  charset = utf8;

INSERT INTO uml_open_course_db.textbook (id, academicYear, academy, book, author, press, pressInformation, downloadlink, classmate) VALUES (8, '2006-2007学年', '软件学院', '《面向对象技术UML 教程》', '王少峰', '清华大学出版社', '2004年 第1 版', '6b15feaa-f857-4e15-ba7a-7838da53468c.pdf', '软件工程专业普通班1-2班');
INSERT INTO uml_open_course_db.textbook (id, academicYear, academy, book, author, press, pressInformation, downloadlink, classmate) VALUES (9, '2006-2007学年', '软件学院', '《面向对象技术UML 教程2》', '王少峰', '清华大学出版社', '2004年 第1 版', '6b15feaa-f857-4e15-ba7a-7838da53468c.pdf', '软件工程专业普通班1-2班');
INSERT INTO uml_open_course_db.textbook (id, academicYear, academy, book, author, press, pressInformation, downloadlink, classmate) VALUES (11, '2006-2007学年', '软件学院', '《面向对象技术UML 教程2》', '王少峰', '清华大学出版社', '2004年 第1 版', '6b15feaa-f857-4e15-ba7a-7838da53468c.pdf', '软件工程专业普通班1-2班');
INSERT INTO uml_open_course_db.textbook (id, academicYear, academy, book, author, press, pressInformation, downloadlink, classmate) VALUES (12, '2006-2007学年', '软件学院', '《面向对象技术UML 教程2》', '王少峰', '清华大学出版社', '2004年 第1 版', '6b15feaa-f857-4e15-ba7a-7838da53468c.pdf', '软件工程专业普通班1-2班');
INSERT INTO uml_open_course_db.textbook (id, academicYear, academy, book, author, press, pressInformation, downloadlink, classmate) VALUES (13, '2006-2007学年', '软件学院', '《面向对象技术UML 教程2》', '王少峰', '清华大学出版社', '2004年 第1 版', '6b15feaa-f857-4e15-ba7a-7838da53468c.pdf', '软件工程专业普通班1-2班');
INSERT INTO uml_open_course_db.textbook (id, academicYear, academy, book, author, press, pressInformation, downloadlink, classmate) VALUES (14, '2006-2007学年', '软件学院', '《面向对象技术UML 教程2》', '王少峰', '清华大学出版社', '2004年 第1 版', '6b15feaa-f857-4e15-ba7a-7838da53468c.pdf', '软件工程专业普通班1-2班');
INSERT INTO uml_open_course_db.textbook (id, academicYear, academy, book, author, press, pressInformation, downloadlink, classmate) VALUES (15, '2006-2007学年', '软件学院', '《面向对象技术UML 教程2》', '王少峰', '清华大学出版社', '2004年 第1 版', '6b15feaa-f857-4e15-ba7a-7838da53468c.pdf', '软件工程专业普通班1-2班');
INSERT INTO uml_open_course_db.textbook (id, academicYear, academy, book, author, press, pressInformation, downloadlink, classmate) VALUES (16, '2006-2007学年', '软件学院', '《面向对象技术UML 教程2》', '王少峰', '清华大学出版社', '2004年 第1 版', '6b15feaa-f857-4e15-ba7a-7838da53468c.pdf', '软件工程专业普通班1-2班');
INSERT INTO uml_open_course_db.textbook (id, academicYear, academy, book, author, press, pressInformation, downloadlink, classmate) VALUES (17, '2006-2007学年', '软件学院', '《面向对象技术UML 教程2》', '王少峰', '清华大学出版社', '2004年 第1 版', '6b15feaa-f857-4e15-ba7a-7838da53468c.pdf', '软件工程专业普通班1-2班');
INSERT INTO uml_open_course_db.textbook (id, academicYear, academy, book, author, press, pressInformation, downloadlink, classmate) VALUES (18, '2006-2007学年', '软件学院', '《面向对象技术UML 教程2》', '王少峰', '清华大学出版社', '2004年 第1 版', '6b15feaa-f857-4e15-ba7a-7838da53468c.pdf', '软件工程专业普通班1-2班');
INSERT INTO uml_open_course_db.textbook (id, academicYear, academy, book, author, press, pressInformation, downloadlink, classmate) VALUES (19, '2006-2007学年', '软件学院', '《面向对象技术UML 教程2》', '王少峰12', '清华大学出版社', '2004年 第1 版', '6b15feaa-f857-4e15-ba7a-7838da53468c.pdf', '软件工程专业普通班1-2班');
INSERT INTO uml_open_course_db.textbook (id, academicYear, academy, book, author, press, pressInformation, downloadlink, classmate) VALUES (30, '1', '1', '1', '1', '1', '1', '1832d66a-c2b6-4f40-9ac4-ddde6bcd296b.', '1');
INSERT INTO uml_open_course_db.textbook (id, academicYear, academy, book, author, press, pressInformation, downloadlink, classmate) VALUES (31, 'sss', 'aaaa', 'ss', 'ss', 'ss', 'ss', '9e56394d-06b7-4436-a2fc-90395992664f.txt', 'ss');
INSERT INTO uml_open_course_db.textbook (id, academicYear, academy, book, author, press, pressInformation, downloadlink, classmate) VALUES (32, 'bb', 'bb', 'bb', 'bb', 'bb', 'bb', 'c7a16421-a230-45ed-8a73-666daa9dd147.pdf', 'bb');
create table trainingPlan
(
  id     int default 0  not null
    primary key,
  detail varchar(10000) null
)
  collate = utf8_unicode_ci;

INSERT INTO uml_open_course_db.trainingPlan (id, detail) VALUES (0, '<p><span style="text-align: justify; color: rgb(68, 68, 68); font-family: &quot;Times New Roman&quot;; font-size: 14px; background-color: rgb(255, 255, 255);">师资队伍的建设是学科建设和教学水平提高的核心。由于本院本专业处于高速发展时期，青年教师的数量比较大，特别在本课题组中尤其明显，中青年教师比例较大。青年教师学历层次高、精力旺盛、更注重个人价值体现，上进心强，喜欢钻研，也容易接受新的教学方法，容易掌握现代多媒体教学技术，容易和学生沟通感情和交流思想，只是教学经验稍显欠缺。政法系合同法课题组为了帮助青年教师提高教学技能，制定了青年教师培养方案。 对青年教师的培养实行导师负责制。具体方案如下： 1 、凡新工作或未从事过高等教育教学工作的青年教师、助教，进行为期两年的专人指导式的培养。 2 、要求青年教师每学期必须听教授、副教授授课课时不低于20课时，写出听课笔记和报告，使新教师受益很大。 3、结合青年教师将从事的专业特点和工作方向，由院和教研室为每位青年教师安排指导教师，并在系里备案。 4 、指导教师应具有副高以上职称，政治思想素质过硬，教学经验丰富，学术上有很高造诣。 5、指导教师的任务是不但对指导的青年教师在政治思想、教学水平进行全面的指导和培养，而且指导青年教师完成一定的科研或教研任务。使他们有明确的奋斗目标和主攻方向。其主要职责如下： (1)指导教师必须有针对所指导对象的专业和课程，为指导对象制定切实可行的学习计划和工作要求，围绕所授课程或所立项目列出参考书目和研究成果，指导他们对专业基础理论和相关知识进一步系统学习和探索，不断更新知识，提高研究水平。 (2)指导教师应悉心指导青年教师熟悉教材和教学大纲，促使其有充分的教学准备，并要求其完成完整、详实、科学、规范的教案。 (3) 青年教师初上讲台前，应在所属教研室先进行试讲，由指导教师和教研室主任进行讲评，符合要求后正式授课。 （4）指导教师要经常深入指导对象的课堂，了解新教师上课情况，及时进行指导，以帮助指导对象不断改进教学方法、适应教学要求。 6、通过教研活动、提高自身专业素质是每位教师的义务。青年教师参加教研工作，了解本学科的发展方向，是提高教师教学水平的有力保障。要求青年教师在搞好课堂教学的基础上，在课下也必须参加各种科研工作，撰写科研论文，做到科研和教学相辅相成，使教学更生动有趣、提高学生学习的热情。 详见政法系文件 近五年培养青年教师的措施与成效 在本课程的建设中，十分重视中青年教师的培养，主要措施是： 1、充分发挥课程负责人表率和示范作用，坚持良好的师德和教风，不断提高教师的职业素质； 2、通过吸收青年教师进行教学研究和教材建设，带动青年教师迅速成长；在郑玉敏教授主持的省级教学改革改革项目和校级教学改革项目中，吸收了全体青年教师参与。景春兰和王敬华参加了郑玉敏教授主编的“十一五”国家级规划教材《新编民法理论与实务》。 3、建立高职称教师指导青年教师制度和听课制度，加强教学指导，实现知识和经验共享。同时不断完善教师教学质量评价体制，推动教师业务水平的全面提高; 4、注重教师的进修提高，改善教师的知识结构，帮助中青年教师提高学位、学历和职称层次等等。 5、近五年来，课程组中青年教师有2人提升了职称，其中，王平、韩中节晋升为 副教授、 其中韩中节攻读了博士学位。王敬华主持省级科研课题，景春兰独立主持教改课题，韩中节参加了国家社科基金课题。历年来年终考核成绩优良，学生和校内专家、督导的评价良好，部分青年老师获得了学校的教学优秀奖，经过多年的建设与培养，中青年教师迅速成长，现已形成一支爱岗敬业、结构合理、具有协作和创新精神的高素质课程团队。今后，要进一步加强师资队伍建设，特别是要加强青年教师的培养，以不断适应教学的需要。123akjsfdl;akjfdkl;asjflk;safasfas</span></p>');
create table uml_teaching_WeChat
(
  Id       int(10) auto_increment
    primary key,
  date     date         not null,
  imageUrl varchar(200) not null
)
  charset = utf8;

INSERT INTO uml_open_course_db.uml_teaching_WeChat (Id, date, imageUrl) VALUES (1, '2018-12-25', 'images/interaction/wechat.png');
create table uml_teaching_content
(
  contentId   int auto_increment
    primary key,
  contentName varchar(100)                                     not null,
  contentURL  varchar(200)                                     not null,
  enable      enum ('false', 'true') default 'false'           not null,
  time        timestamp              default CURRENT_TIMESTAMP not null on update CURRENT_TIMESTAMP
)
  charset = utf8;

INSERT INTO uml_open_course_db.uml_teaching_content (contentId, contentName, contentURL, enable, time) VALUES (3, '侯爱民', 'resource/侯爱民.pdf', 'true', '2019-01-04 10:00:24');
create table uml_teaching_general
(
  generalId   int auto_increment
    primary key,
  generalName varchar(100)                                     not null,
  generalURL  varchar(200)                                     not null,
  enable      enum ('false', 'true') default 'false'           not null,
  time        timestamp              default CURRENT_TIMESTAMP not null on update CURRENT_TIMESTAMP
)
  charset = utf8;

INSERT INTO uml_open_course_db.uml_teaching_general (generalId, generalName, generalURL, enable, time) VALUES (1, '面向对象分析与设计--教学大纲', 'resource/教学大纲.pdf', 'true', '2019-01-09 14:08:37');
INSERT INTO uml_open_course_db.uml_teaching_general (generalId, generalName, generalURL, enable, time) VALUES (6, '18883831', 'resource/Linux实践入门课程设计任务书50.pdf', 'false', '2018-12-28 14:48:30');
INSERT INTO uml_open_course_db.uml_teaching_general (generalId, generalName, generalURL, enable, time) VALUES (7, '教学大纲', 'resource/教学大纲31.pdf', 'false', '2019-01-08 09:58:06');
INSERT INTO uml_open_course_db.uml_teaching_general (generalId, generalName, generalURL, enable, time) VALUES (8, 'jixue', 'resource/实验五对product类创建statechart （状态图）72.pdf', 'false', '2018-12-28 15:52:43');
INSERT INTO uml_open_course_db.uml_teaching_general (generalId, generalName, generalURL, enable, time) VALUES (10, 'new', 'resource/_resource_1_ceshi1.pdf', 'false', '2019-01-09 09:10:12');
create table uml_teaching_measure
(
  measureId   int auto_increment
    primary key,
  measureName varchar(100)                                     not null,
  measureURL  varchar(200)                                     not null,
  enable      enum ('false', 'true') default 'false'           not null,
  time        timestamp              default CURRENT_TIMESTAMP not null on update CURRENT_TIMESTAMP
)
  charset = utf8;

INSERT INTO uml_open_course_db.uml_teaching_measure (measureId, measureName, measureURL, enable, time) VALUES (1, '面向对象分析与设计--教学方法与手段', 'resource/教学方法与手段.pdf', 'true', '2019-01-04 08:08:20');
INSERT INTO uml_open_course_db.uml_teaching_measure (measureId, measureName, measureURL, enable, time) VALUES (2, 'k.o', 'resource/完整课件46.pdf', 'false', '2018-12-26 14:27:29');
INSERT INTO uml_open_course_db.uml_teaching_measure (measureId, measureName, measureURL, enable, time) VALUES (3, '立强', 'resource/完整课件13.pdf', 'false', '2019-01-04 08:08:20');
INSERT INTO uml_open_course_db.uml_teaching_measure (measureId, measureName, measureURL, enable, time) VALUES (4, 'xrw', 'resource/完整课件78.pdf', 'false', '2018-12-26 14:42:50');
INSERT INTO uml_open_course_db.uml_teaching_measure (measureId, measureName, measureURL, enable, time) VALUES (5, '8', 'resource/软件需求规格说明书样本6.pdf', 'false', '2018-12-26 15:25:35');
INSERT INTO uml_open_course_db.uml_teaching_measure (measureId, measureName, measureURL, enable, time) VALUES (6, '3', 'resource/软件需求规格说明书样本3.pdf', 'false', '2018-12-27 00:19:15');
create table uml_teaching_plan
(
  planId   int auto_increment
    primary key,
  planName varchar(100)                                     not null,
  planURL  varchar(200)                                     not null,
  enable   enum ('false', 'true') default 'false'           not null,
  time     timestamp              default CURRENT_TIMESTAMP not null on update CURRENT_TIMESTAMP
)
  charset = utf8;

INSERT INTO uml_open_course_db.uml_teaching_plan (planId, planName, planURL, enable, time) VALUES (1, '面向对象分析与设计--授课计划', 'resource/面向对象分析与设计--授课计划.pdf', 'true', '2019-01-04 07:51:31');
INSERT INTO uml_open_course_db.uml_teaching_plan (planId, planName, planURL, enable, time) VALUES (5, '授课计划', 'resource/面向对象分析与设计--授课计划35.pdf', 'false', '2019-01-04 07:51:31');
create table uml_teaching_points
(
  pointId        int auto_increment comment '重难点id'
    primary key,
  theoryInfo     mediumtext                                       not null comment '理论重难点',
  experimentInfo mediumtext                                       not null comment '实验重难点',
  enable         enum ('false', 'true') default 'false'           not null comment '使用状态',
  time           timestamp              default CURRENT_TIMESTAMP not null on update CURRENT_TIMESTAMP comment '添加时间'
)
  charset = utf8;

INSERT INTO uml_open_course_db.uml_teaching_points (pointId, theoryInfo, experimentInfo, enable, time) VALUES (1, ' &nbsp;&nbsp;&nbsp;&nbsp;&nbsp;&nbsp;&nbsp;了解需求的概念、层次、分类。了解需求文档的构成。了解需求工程的概念。了解需求分析的方法。通过案例分析，掌握需求分析的方法，能够编写需求文档；<br /><br />

                &nbsp;&nbsp;&nbsp;&nbsp;&nbsp;&nbsp;&nbsp;掌握用例图建模，掌握用例、参与者、它们间的关系的识别，掌握用例描述，案例分析；<br /><br />

                &nbsp;&nbsp;&nbsp;&nbsp;&nbsp;&nbsp;&nbsp;掌握类图和对象图的组成，掌握类、类之间的关系的识别；<br /><br />

                &nbsp;&nbsp;&nbsp;&nbsp;&nbsp;&nbsp;&nbsp;掌握顺序图和协作图的组成，掌握消息类型，掌握顺序图和协作图与用例描述的对应关系；<br /><br />

                &nbsp;&nbsp;&nbsp;&nbsp;&nbsp;&nbsp;&nbsp;掌握状态图和活动图的组成，掌握对象属性值及变量值刻画状态；<br /><br />

                &nbsp;&nbsp;&nbsp;&nbsp;&nbsp;&nbsp;&nbsp;综合运用上述的建模方法，对一个实际系统的需求进行需求分析；<br /><br />

                &nbsp;&nbsp;&nbsp;&nbsp;&nbsp;&nbsp;&nbsp;掌握组件图和部署图的组成，掌握组件与类的对应关系，结点的类型，案例分析；<br /><br />

                &nbsp;&nbsp;&nbsp;&nbsp;&nbsp;&nbsp;&nbsp; 掌握包图的组成，包与组件的对应关系。掌握对象模型和数据模型的相互转换。案例分析；<br /><br />

                &nbsp;&nbsp;&nbsp;&nbsp;&nbsp;&nbsp;&nbsp;理解软件开发过程的定义，理解RUP软件开发生命周期，理解RUP中的核心概念；<br /><br />

                &nbsp;&nbsp;&nbsp;&nbsp;&nbsp;&nbsp;&nbsp;理解软件设计模式的概念，理解具体模式分类，理解模式与程序代码的对应关系；<br /><br />

                &nbsp;&nbsp;&nbsp;&nbsp;&nbsp;&nbsp;&nbsp;综合运用需求获取的方法，对一个实际系统的需求进行需求获取。<br /><br /><br /><br />
', '
                &nbsp;&nbsp;&nbsp;&nbsp;&nbsp;&nbsp;&nbsp;正确识别参与者、用例、它们间的关系，根据一个可运行系统的实际情况，完成用例模型的设计与绘制；<br /><br />

                &nbsp;&nbsp;&nbsp;&nbsp;&nbsp;&nbsp;&nbsp;正确识别类、它们间的关系，根据一个可运行系统的实际情况，完成类模型的设计与绘制；<br /><br />

                &nbsp;&nbsp;&nbsp;&nbsp;&nbsp;&nbsp;&nbsp;正确识别类、消息发送的顺序与用例描述的对应关系，根据一个可运行系统的实际情况，完成顺序图和协作图模型的设计与绘制；<br /><br />

                &nbsp;&nbsp;&nbsp;&nbsp;&nbsp;&nbsp;&nbsp;正确识别类的属性值与状态的关系，活动与用例描述的对应关系，根据一个可运行系统的实际情况，完成状态图和活动图模型的设计与绘制；<br /><br />

                &nbsp;&nbsp;&nbsp;&nbsp;&nbsp;&nbsp;&nbsp;根据文字描述的用户需求，进行需求分析和系统设计。按照软件需求规格说明文档的规范要求，写出规范的软件需求规格说明。使用Java EE技术，开发一个软件系统。
        ', 'true', '2018-12-26 18:36:59');